apothieka_name,apothieka_address,apothieka_plz,apothieka_tel,apothieka_email,apothieka_url
Dr. Walters Markt-Apotheke,Möllner Landstr. 26,22111,0 40 / 7323444,info@apo26.de,
ezb-Apotheke im Billstedt Center,Möllner Landstr. 21,22111,0 40 / 7314172,mail@ezb-apotheke.de,
Kräuter-Apotheke,Möllner Landstr. 29,22111,0 40 / 7313301,mail@kraeuter-apotheke-hamburg.de,
Ring-Apotheke,Billstedter Hauptstraße 35,22111,0 40 / 7322000,info@ring-apotheke.com,http://www.ring-apotheke.de
Apotheke am Billstedter Platz,Billstedter Platz 9,22111,0 40 / 7322222,info@apo-billstedt.de,
Washington-Apotheke,Washingtonallee 92,22111,0 40 / 7313238,info@washington-apotheke.de,http://www.washington-apotheke.de
Luisen-Apotheke,Möllner Landstr. 142,22117,0 40 / 7120403,luisen_apotheke@t-online.de,http://www.luisen-apotheke-hamburg.de
Bauerberg-Apotheke,Horner Landstr. 200,22111,0 40 / 6506050,info@bauerberg-apotheke.de,http://www.bauerberg-apotheke.de
Apotheke am Sandkamp,Washingtonallee 14a,22111,0 40 / 6515555,info@aposandkamp.de,http://www.aposandkamp.de
Apotheke am Mümmelmannsberg,Oskar-Schlemmer-Str. 11,22115,0 40 / 71591265,apo.muemmel@hotmail.de,
Friesland-Apotheke,Morsumer Weg 18,22117,0 40 / 7124200,info@friesland-apotheke.de,http://www.friesland-apotheke.de
Hermes-Apotheke,Rennbahnstraße 28 c,22111,0 40 / 6517171,hermesapotheke@web.de,http://www.hermesapotheke.de
Neue Apotheke U-Bahn Mümmelmannsberg,Kandinskyallee 14-18,22115,0 40 / 7151036,renkeapotheken@yahoo.de,
Röhrendamm-Apotheke,Vierländer Damm 2,20539,0 40 / 787191,roehrendamm.apo@t-online.de,
Löwen Apotheke Rothenburgsort,Rothenburgsorter Marktplatz 1,20539,0 40 / 78877764,apotheke-rothenburgsort@t-online.de,
Wichern-Apotheke,Hammer Landstr. 240,20537,0 40 / 214258,info@wichern-apotheke.de,http://www.wichern-apotheke.de
Sertürner-Apotheke,Sievekingsallee 178a,22111,0 40 / 6514065,meese-marktscheffel@web.de,
Silber-Apotheke,Manshardtstr. 113 f,22119,0 40 / 6536045,greiner@silber-apotheke-hh.de,
Fontane-Apotheke,Horner Weg 65,20535,0 40 / 218166,s.ehrlich@ivx.de,
Humboldt-Apotheke,Hammer Landstr. 88,20537,0 40 / 21980040,humboldt.apotheke@web.de,
Guten Tag Apotheke im real,Willinghusener Weg 1,22113,040 7137670,info@real-apo.de,
Nepomuk-Apotheke,Schiffbeker Weg 230,22119,0 40 / 65499075,info@nepomuk-apotheke.de,
Wolfshagen-Apotheke,Carl-Petersen-Straße 101,20535,0 40 / 2502972,info@wolfshagen-apotheke.de,http://www.wolfshagen-apotheke.de
Mühlen-Apotheke,Möllner Landstr. 28,22113,040 7127373,info@die-muehlen-apotheke.de,
Marienthaler Apotheke,Kielmannseggstr. 70,22043,0 40 / 6573940,marienthaler-apotheke@gmx.net,
Hammerbaum Apotheke,Hammer Landstraße 8,20537,0 40 / 2500485,hammerbaum@web.de,
Hasselbrook-Apotheke,Caspar-Voght-Str. 88,20535,0 40 / 201363,Hasselbrook-Apotheke@web.de,
Helios-Apotheke,Marienthaler Str. 148,20535,0 40 / 205707,heliosapotheke@web.de,http://www.heliosapotheke-hamburg.de
Fleethaus Apotheke OHG,Fleetplatz 2/4,21035,0 40 / 735930-0,info@fleethaus-apotheke.de,http://www.fleethaus-apotheke.de
Adler Apotheke Pharmaservice,Borgfelder Straße 36,20537,0 40 / 689420300,Eilbek@Adler-Apotheke-HH.de,
Jenfelder Apotheke,Rodigallee 248,22043,0 40 / 6530283,jenfelderapotheke@arcor.de,http://www.jenfelderapotheke.de
Schloß-Apotheke,Schloßstr. 44,22041,0 40 / 6527277,schlossapowandsb@aol.com,
Neue Markt-Apotheke,Wandsbeker Marktstr. 30,22041,0 40 / 684777,Neue-Markt-Apotheke@gmx.net,
Landwehr-Apotheke,Landwehr 34,22087,0 40 / 2508490,mail@landwehr-apotheke.de,http://www.landwehr-apotheke.de
easyApotheke Wandsbek,Wandsbeker Marktstraße 1,22041,0 40 / 69463535,,
Wandsbeker Apotheke,Wandsbeker Marktstraße 46,22041,0 40 / 69207666,info@wandsbeker-apotheke.de,http://www.wandsbeker-apotheke.de
Adler-Apotheke,Wandsbeker Marktstraße 73,22041,0 40 / 689420-0,Gnekow@Adler-Apotheke-HH.de,http://www.adler-apotheke-hh.de
Kosmos-Apotheke,Wandsbeker Chaussee 261,22089,0 40 / 208202,tyler-thiede@t-online.de,
Claudius-Apotheke,Wandsbeker Marktstr. 119,22041,0 40 / 681817,claudius-apotheke@t-online.de,
Forum-Apotheke,Wandsbeker Marktstr. 143,22041,0 40 / 686623,info@forum-apotheke.com,
Alexander-Apotheke City Süd,Beim Strohhause 2,20097,0 40 / 97078811,citysued@alexapo.de,
alphapoint apotheke,Öjendorfer Damm 50,22043,0 40 / 6537170,info@apo-apo.de,http://www.apo-apo.de
Neue Eilbeker Apotheke,Wandsbeker Chaussee 121 a,22089,0 40 / 209895-0,info@eilbeker-apotheke.de,http://www.eilbeker-apotheke.de
marien-apotheke,Lübecker Str. 74,22087,0 40 / 259511,info@marien-apotheke-hamburg.de,http://www.marien-apotheke-hamburg.de
Apotheke im JEN,Bei den Höfen 42a,22043,0 40 / 6535445,info@apojen.de,http://www.apojen.de
Deich-Apotheke,Neuenfelder Str. 116,21109,0 40 / 7542193,o.rieke@deich-apo.de,
Alte Eilbeker Apotheke,Wandsbeker Chaussee 1,22089,0 40 / 2542639,info@alte-eilbeker-apotheke.de,http://www.alte-eilbeker-apotheke.de
Apotheke EKZ Wilhelmsburg,Wilhelm-Strauß-Weg 10,21109,0 40 / 7541111,apo-ekzwilhelmsburg@pharma-online.de,http://www.apo-ekz-wilhelmsburg.de
Distel-Apotheke,Krieterstr. 30,21109,0 40 / 7540101,service@distel-apotheke-hh.de,
Apotheke am Lohmühlenpark,Steindamm 105,20099,0 40 / 28004849,apo@apotheke-am-lohmuehlenpark.de,http://www.apotheke-am-lohmuehlenpark.de
Löwen-Apotheke,Ahrensburger Str. 100,22041,0 40 / 6561824,loewen-apotheke@arcor.de,http://www.loewen-apotheke-wandsbek.de
Alexander-Apotheke St. Georg,Steindamm 81,20099,0 40 / 28009922,team@alexapo.de,http://www.alexander-apotheke.eu
Hipps-Apotheke,Ladenbeker Furtweg 2,21033,0 40 / 7398881,hippsapo@gmx.de,
Engel-Apotheke,Steindamm 32,20099,0 40 / 245350,Engel-Apotheke-HH@t-online.de,http://www.engelapotheke.net
mAVI-Apotheke,Kirchdorfer Damm 3,21109,0 40 / 7546474,mavi-apotheke@hotmail.com,
Alphapoint Apotheke Barsbüttel,Am Akku 9,22885,040 67044449,barsbuettel@apo-apo.de,
Holzmühlen-Apotheke im REWE Center,Walddörferstraße 146,22041,0 40 / 6938913,kontakt@holzmuehlen-apotheke.de,
Friedrichsberg Apotheke,Dithmarscher Str. 9,22049,0 40 / 682890-0,info@friedrichsberg-apo.de,http://www.abc-apotheke-hamburg.de
Hohenfelder Apotheke,Kuhmühle 2,22087,0 40 / 226991-60,hohenfelder-apotheke@web.de,
Apotheke am Hauptbahnhof,Steindamm 2,20099,0 40 / 241241,mail@pharmacy-international.de,http://www.apothekeamhauptbahnhof.de
"antares-apotheke, antares-apotheken oHG",Albert-Schweitzer-Ring 22,22045,0 40 / 523889-0,klinik@baerapo.de,
Marquardt´s Apotheke Bergedorf-West,Friedrich-Frank-Bogen 87 - 89,21033,0 40 / 7387575,info@apotheke-bergedorf-west.de,
Grachtenhaus-Apotheke,Grachtenplatz 9,21035,0 40 / 735958-0,grachtenhaus-apotheke@grachtenhaus.de,http://www.grachtenhaus-apotheke.de
Hauptbahnhof Apotheke Wandelhalle,Glockengießerwall 8 - 10,20095,0 40 / 32527383,info@hauptbahnhofapotheke.de,http://www.hauptbahnhofapotheke.de
Wilhelmsburger Apotheke,Georg-Wilhelm-Str. 28,21107,0 40 / 757322,,
Epes-Apotheke,Lange Reihe 58,20099,0 40 / 245664,info@epes-apo.de,
apotheke am inselpark,Neuenfelder Straße 31,21109,0 40 / 302386990,info@apotheke-inselpark.de,http://www.apotheke-inselpark.de
Apotheke Mö-City,Mönckebergstraße 3,20095,0 40 / 8797830,moe-city-apotheke@web.de,http://www.moe-city-apotheke.de
Apotheke zum Ritter St. Georg,Lange Reihe 39,20099,0 40 / 245044,info@apo-zum-ritter.de,http://apotheke-zum-ritter-st-georg.de
Marquardt´s Saxonia-Apotheke,Rappoltweg 9,21031,0 40 / 7383571,info@saxonia-apotheke.de,
"antares-apotheke Lerchenfeld, antares-apotheken oHG",Lerchenfeld 14,22081,0 40 / 31766650,backoffice_lerche@antarespharma.de,
Dulsberg-Apotheke,Straßburger Str. 28,22049,0 40 / 69798744,info@dulsberg-apotheke.de,http://www.dulsberg-apotheke.de
Erlen Apotheke,Barsbütteler Hof 2A,22885,040 6704002,erlen-apotheke@web.de,
Strassburger Apotheke,Nordschleswiger Str. 65,22049,0 40 / 6522771,mail@strassburgerapotheke.de,http://www.strassburgerapotheke.de
Jacobi-Apotheke,Jakobikirchhof 8,20095,0 40 / 335190,info@jacobi-apotheke-hh.de,http://www.jacobi-apotheke-hh.de
Centro-Apotheke,Spitalerstr. 7,20095,0 40 / 325262-71,centro-apotheke@t-online.de,http://www.centro-apothek.de
Marschner-Apotheke,Holsteinischer Kamp 1,22081,0 40 / 296587,info@marschner-apotheke.de,http://www.marschner-apotheke.de
Mundsburg-Apotheke,Mundsburger Damm 59,22087,0 40 / 2203236,ernst-deutsch-apotheke@t-online.de,
"Apollo 2-Apotheke, Apollo Apotheken oHG",Hamburger Straße 47,22083,0 40 / 734475026,apollo-apotheken-ohg@web.de,
Petri Apotheke,Speersort 4,20095,0 40 / 325888-0,info@petri-apotheke-hamburg.de,
Thalia-Apotheke,Gerhart-Hauptmann-Platz 46,20095,0 40 / 336181,info@thalia-apotheke.de,http://www.thalia-apotheke.de
"Apollo-Apotheke, Apollo Apotheken oHG",Hamburger Str. 33,22083,0 40 / 229494-0,apollo-apotheken-ohg@web.de,
Uhlenhorster Apotheke,Papenhuder Str. 40,22087,0 40 / 2206093,Uhlenhorster-Apotheke@alice.de,
Menge-Apotheke,Reinstorfweg 10 a,21107,0 40 / 7534240,,
Mozart-Apotheke,Friedrich-Ebert-Damm 85,22047,0 40 / 6937178,Mozart-Apotheke-HH@t-online.de,
Hubertus-Apotheke,Veringstr. 36,21107,0 40 / 75660014,hubertusapo.wilhelmsburg@freenet.de,
Vering-Apotheke,Veringstr. 37,21107,0 40 / 757663,info@vering-apotheke.de,
Tonndorfer Apotheke,Tonndorfer Hauptstr. 53,22045,0 40 / 661875,hamburg@tonndorfer-apotheke.de,
Nordsee-Apotheke,Dehnhaide 2 - 4,22081,0 40 / 291195,info@nordsee-apo.de,http://www.nordsee-apo.de
Europa Apotheke,Bergstr. 14,20095,0 40 / 32527690,info@europa-apotheke-hamburg.de,http://www.europa-apotheke-hamburg.de
Herz-Apotheke im Tondo,Tonndorfer Hauptstraße 71,22045,0 40 / 248258-46,tondo@herzapotheken-hamburg.de,http://www.Herzapotheken-Hamburg.de
Apotheke an der Elbphilharmonie,Am Kaiserkai 44,20457,0 40 / 36099779,info@apo-elbphilharmonie.de,
Rathaus-Apotheke,Rathausmarkt 19,20095,0 40 / 369636-0,service@rathaus-apotheke.com,http://www.rathaus-apotheke.com
Apotheke am Zoll,Alter Teichweg 7,22081,0 40 / 2993330,andres.bittner@t-online.de,
Phönix-Apotheke,Tilsiter Str. 2,22049,0 40 / 6958181,phoenix@bb-apotheken.de,http://www.phoenix-apotheke.com
Hohenhorster Apotheke,Berliner Platz 13f,22045,0 40 / 6724061,info@hohenhorster-apotheke.de,http://www.hohenhorster-apotheke.de
Alsterarkaden-Apotheke,Alsterarkaden 13,20354,0 40 / 345859,info@alsterarkaden-apotheke.de,
Berliner Bär Apotheke,Dahlemer Ring 15,22045,0 40 / 6723132,ekz@bb-apotheken.de,http://www.vitalotheke.de
Central-Apotheke,Rödingsmarkt 1,20459,0 40 / 378673-0,central-apotheke-hamburg@t-online.de,
Drossel-Apotheke,Drosselstr. 1,22305,0 40 / 6915656,drosselapotheke@t-online.de,
Apotheke Große Bleichen,Große Bleichen 31,20354,0 40 / 30039392,Apotheke-Gr.Bleichen@t-online.de,
Elefanten-Apotheke Lohbrügge,Lohbrügger Landstr. 4,21031,0 40 / 7212114,info@elefanten-apotheke-bergedorf.de,http://www.elefanten-apotheke-bergedorf.de
Colonnaden-Apotheke,Colonnaden 36,20354,0 40 / 346566,joerg.mayer@freenet.de,
Fritz-Reuter-Apotheke,Mozartstraße 16,22083,0 40 / 2201785,fritzreuterapotheke@web.de,
Roth's alte englische Apotheke,Jungfernstieg 48,20354,0 40 / 343906,,http://www.alte-englische-Apotheke.de
Bruckner-Apotheke OHG,Brucknerstr. 35,22083,0 40 / 2799066,info@bruckner-apotheke.de,
Gartenstadt-Apotheke,Lesserstr. 162,22049,0 40 / 6932740,service@gartenstadt-apotheke-hamburg.de,http://www.gartenstadt-apotheke-hamburg.de
Apotheke im Medical Center,Alte Holstenstr. 16,21031,0 40 / 7258111-0,info@apo-medicalcenter.de,http://www.heyne-apotheken.de
Apotheke am Binnenfeldredder,Binnenfeldredder 36 e,21031,0 40 / 739341-0,AAB-Apotheke@web.de,
Vital-Apotheke am Opernhaus,Colonnaden 72,20354,0 40 / 6360777-0,info@vitalapotheke-opernhaus.de,http://www.vitalotheke.de
Apotheke am Barmbeker Bahnhof,Pestalozzistr. 15,22305,0 40 / 610134,info@apo-aba.de,http://www.apotheke-am-barmbeker-bahnhof.de
Schwan-Apotheke,Dammtorstr. 27,20354,0 40 / 343964,,
Markt Apotheke,Markt 5,21509,040 7106021,markt-apo.glinde@t-online.de,
Maximilian-Apotheke,Markt 17,21509,040 7111807,info@maxi-apo.de,
Hugs Apotheke,Herzog-Carl-Friedrich-Platz 1,21031,0 40 / 7248584,,http://www.hugs-apotheke.de
BUDNI-Partner-Apotheke Barmbek,Fuhlsbüttler Straße 107-109,22305,0 40 / 23935935,info@budni-partner-apotheke.de,http://www.budni-partner-apotheke.de
Apotheke am Dermatologikum,Stephansplatz 1 - 5,20354,0 40 / 8197196-0,info@apotheke-am-dermatologikum.de,
Apotheke zur Alten Post,Weidenbaumsweg 6,21029,0 40 / 7212707,mewes-apo-alte-post@gmx.de,
Burg-Apotheke,Hofweg 98,22085,0 40 / 271416-0,info@burg-hamburg.de,
Carjell's Apotheke,Mittelweg 165,20148,0 40 / 442327,mail@carjells-apo.de,http://www.carjells-apo.de
Apotheke im Kaufland,Bergedorfer Straße 106,21029,0 40 / 7968510-0,info@kaufland-apotheke-bergedorf.de,
Bahnhof-Apotheke,Weidenbaumsweg 1,21029,0 40 / 7213037,bahnhof-apotheke-schumann@t-online.de,
Neue Barmbeker Apotheke,Fuhlsbüttler Str. 121,22305,0 40 / 6913233,nba-apo@t-online.de,
Pelikan-Apotheke,Großneumarkt 37,20459,0 40 / 345383,hapepi@freenet.de,
Guten Tag Apotheke,Möllner Landstr. 119,21509,040 707085870,info@apo-glinde.de,
Hafen-Apotheke,Ditmar-Koel-Str. 5,20459,0 40 / 37518381,hafenapotheke@t-online.de,
Elefanten-Apotheke,Fuhlsbüttler Str. 140,22305,0 40 / 616807,info@elefantenapotheke-hamburg.de,
CCB-Apotheke,Kupferhof 4,21029,0 40 / 7243021,,
Jarre-Apotheke,Jarrestr. 42,22303,0 40 / 2708294,jarre-apotheke@t-online.de,
Centra Apotheke Trabrennbahn,Traberweg 2-4,22159,0 40 / 645091-15,info@centra-apotheke.de,http://www.centra-apotheke.de
Leonardo-Apotheke,Mittelweg 30,20148,0 40 / 456509,info@Leonardo-apo.de,http://www.leonardo-apo.de
Cranach-Apotheke,Bengelsdorfstr. 1 c,22179,0 40 / 6957273,info@cranach-apotheke.de,
Kampnagel Internationale Apotheke,Jarrestraße 2,22303,0 40 / 27886330,info@kampnagel-apotheke.de,
Linden-Apotheke,Bergedorfer Markt 2,21029,0 40 / 7213056,info@linden-apotheke-bergedorf.de,http://www.Linden-Apotheke-Bergedorf.de
Passat-Apotheke,Barmbeker Str. 17-19,22303,0 40 / 2705588,passat-apotheke@t-online.de,
Life! Apotheke,Mittelweg 130-138,20148,0 40 / 4112558-0,lifeapotheke@gmx.de,
PLUSPUNKT Apotheke am Sachsentor,Sachsentor 29-31,21029,0 40 / 7211010,bergedorf@plus-punkt.de,
Hirsch-Apotheke,Rahlstedter Str. 41,22149,0 40 / 6723300,hirschapo.hh@gmx.de,
Ara-Apotheke,Mühlenkamp 20,22303,0 40 / 271517-0,ara-apotheke.hh@t-online.de,http://www.ara-apotheke.de
apo rot - Merkur Apotheke,Heidhörn 1,22307,0 40 / 6921408-0,merkur@apo-rot.de,http://www.apo-rot.de
Habicht-Apotheke,Habichtstr. 106,22307,0 40 / 618747,info@habicht-apotheke.de,
Eulen-Apotheke,Hellbrookkamp 35,22177,0 40 / 6915522,Info@Eulen-Apotheke-HH.de,http://www.eulen-apotheke-hh.de
Löwen-Apotheke Bergedorf,Hinterm Graben 31,21029,0 40 / 7212200,loewen-apo.hh@t-online.de,http://www.ihre-loewen-apotheke.de
Apotheke am Mühlenkamp,Mühlenkamp 34 a,22303,0 40 / 277877,info@apotheke-am-Muehlenkamp.de,http://www.apotheke-am-muehlenkamp.de
Heerweg-Apotheke,Berner Heerweg 104,22159,0 40 / 6437626,heerweg_apotheke@web.de,
Pluspunkt Apotheke am Ärztehaus,Sachsentor 67,21029,0 40 / 819747-10,,
Mohnhof-Apotheke,Bergedorfer Str. 150,21029,0 40 / 72410000,info@mohnhof-apotheke.de,
Lotus-Apotheke,Fuhlsbüttler Str. 223,22307,0 40 / 617155,lotusapotheke@gmx.de,
Goldbek-Apotheke,Barmbeker Str. 55,22303,0 40 / 2794051,goldbekapo@aol.com,
Apotheke am Holstentor,Karolinenstr. 5,20357,0 40 / 433584,,
Apotheke am Rothenbaum,Rothenbaumchaussee 76,20148,0 40 / 4191060,b.dumke@apo-rot.de,http://www.apo-rot.de
Helgoland-Apotheke (im  famila),Liebigstr. 2,21465,040 7314365,helgoland-apo-reinbek@t-online.de,
Gutenberg-Apotheke,Düpheid 24/ Ladenzentrum,22149,0 40 / 6725758,service@gutenberg-apotheke-hamburg.de,
Apotheke Ochsenwerder,Süderquerweg 650,21037,0 40 / 7372296,apo.ochsenwerder@t-online.de,
Bavaria-Apotheke,Zirkusweg 4,20359,0 40 / 317925-44,info@bavaria-apotheke-stpauli.de,http://www.bavaria-apotheke-stpauli.de
Apotheke am Rathaus,Wentorfer Str. 35,21029,0 40 / 7214147,apotheke-am-rathaus-hh@t-online.de,
Enten-Apotheke,Grindelallee 88 - 90,20146,0 40 / 44140260,info@entenapotheke.de,
Vital-Apotheke,Scharbeutzer Str. 104 b,22147,0 40 / 64860760,apo@vital-pharm.de,
Nord-Apotheke,Fuhlsbüttler Str. 265,22307,0 40 / 616154,nord-apotheke.hamburg@t-online.de,http://www.nordapotheke-online.de
Atlantik-Apotheke,Grindelallee 106,20146,0 40 / 4107241,info@atlantik-apotheke.de,
Grindelhof-Apotheke,Grindelhof 71-73,20146,0 40 / 455179,grindelhofapotheke@t-online.de,"http://www.grindelhofapotheke,de"
Kloster-Apotheke oHG,Am Ladenzentrum 4,21465,040 7222500,kloster-apotheke.reinbek@t-online.de,
Oldenfelder Apotheke,Alter Zollweg 192,22147,0 40 / 6470071,oldenfelderapo@aol.com,
Gudrun-Apotheke,Reeperbahn 61,20359,0 40 / 316587,gudrun-apotheke@t-online.de,
Neue Apotheke St. Pauli,Clemens-Schultz-Str. 90,20359,0 40 / 310665,neueapothekest.pauli@web.de,
iPlus Apotheke Winterhude im REWECenter/Budnikowsky Partner Apotheke,Dorotheenstraße 116 - 122,22301,0 40 / 694548-04,info@apotheke-winterhude.com,
Apotheke in der Rindermarkthalle,Neuer Kamp 31,20359,0 40 / 444653840,service@apotheke-rindermarkthalle.de,
Schimmelreiter-Apotheke,Hegeneck 5,22149,0 40 / 6723838,info@schimmelreiter-apo.de,http://www.schimmelreiter-apo.de
Center-Apotheke,Berner Heerweg 175,22159,0 40 / 6430041,center-apotheke-ekt.farmsen@apotheke-sh.de,
U-Bahn-Apotheke,Berner Heerweg 177 a,22159,0 40 / 6431330,bbamann@web.de,
Apotheke am Veritaskai,Veritaskai 6,21079,0 40 / 30701911,apotheke-am-veritaskai@apotheken.de,http://www.apotheke-am-veritaskai.de
St.-Johannis-Apotheke,Maria-Louisen-Str. 100,22301,0 40 / 276884,nicola.hein@t-online.de,
Apotheke am Paulinenplatz,Paulinenplatz 1,20359,0 40 / 312170,info@apo-paulinenplatz.de,http://www.apo-paulinenplatz.de
Bettin's Apotheke,Maria-Louisen-Str. 1,22301,0 40 / 481094,info@maria-louisen-apotheke.de,
Albatros-Apotheke,Hein-Köllisch-Platz 1,20359,0 40 / 3196611,alfonslohre@hotmail.com,
Rosen-Apotheke,Beim Schlump 2-2a,20144,0 40 / 452444,Rosen-Apotheke-HH@gmx.de,
Stern-Apotheke,Hartzlohplatz 7/9,22307,0 40 / 6309150,stern.apo@t-online.de,
Apotheke am Neuen Pferdemarkt,Neuer Pferdemarkt 12,20359,0 40 / 433708,,
Andreas-Apotheke,Grindelberg 3,20144,0 40 / 451015,email@andreas-apotheke-hh.de,http://www.andreas-apo-hh.de
Jungborn-Apotheke,Schulterblatt 14,20357,0 40 / 4322138,jungborn-apotheke@t-online.de,
Bramfelder Apotheke,Bramfelder Chaussee 187,22177,0 40 / 6414050,service@bramfelder-apotheke.de,http://www.bramfelder-apotheke.de
apo-rot Apotheke Rahlstedt,Rahlstedter Bahnhofstr. 20,22143,0 40 / 6776053,rahlstedt@aporot-partner.de,
Nikolai-Apotheke,Eppendorfer Baum 3,20249,0 40 / 461914,info@nikolai-apotheke.com,http://www.nikolai-apotheke.com
Lincoln-Apotheke an der Reeperbahn,Nobistor 27-29,22767,0 40 / 310875,post@lincoln-apotheke.de,http://www.partner-apotheken.de
St. Cosmas-Apotheke in der Endoklinik,Holstenstraße 2,22767,0 40 / 31795858,st.cosmas_apotheke@t-online.de,http://www.st-cosmas-apotheke-hamburg.de
Liliencron-Apotheke,Rahlstedter Bahnhofstr. 8,22143,0 40 / 6770315,info@liliencron-apotheke.de,http://www.liliencron-apotheke.de
Weiden-Apotheke,Weidenallee 11-13,20357,0 40 / 433175,weiden-apotheke@gmx.net,
Stern-Apotheke,Juliusstr. 36-38,22769,0 40 / 4322366,info@stern-apotheke-schanze.de,
Stresemann-Apotheke,Bernstorffstr. 174,22767,0 40 / 43189988,info@stresemann-apotheke.de,http://www.stresemann-apotheke.de
Forsthof-Apotheke,Elligersweg 3,22307,0 40 / 6301561,forsthof-apo-hbg@freenet.de,
Herz-Apotheke Rahlstedt,Rahlstedter Bahnhofstr. 11,22143,0 40 / 67580322,rahlstedt@herzapotheken-hamburg.de,http://www.Herzapotheken-Hamburg.de
Ise-Apotheke,Klosterallee 80,20144,0 40 / 4223589,,
Paracelsus-Apotheke,Grindelberg 88,20144,0 40 / 4200333,info@paracelsus-apotheke-hamburg.de,
WeVital Apotheke,Am Wall 1,21073,0 40 / 320271888,info@wevital-apo.de,
Schloßmühlen-Apotheke,Schloßmühlendamm 16,21073,0 40 / 770062,schlossmuehlen-apo@pharma-online.de,
Sternthaler-Apotheke,Altonaer Str. 61,20357,0 40 / 41359102,sternthaler-apo-hh@pharma-online.de,
Hummel-Apotheke,Herthastr. 12,22179,0 40 / 6416034,info@hummel-apotheke.de,
Adler-Apotheke,Schulterblatt 106,20357,0 40 / 4394590,ADLERAPOTH@AOL.com,
Askanier-Apotheke,Gründgensstr. 26,22309,0 40 / 6314748,apotheke@askanier-apo.de,
apo-rot Millennium Apotheke,Schloßmühlendamm 6,21073,0 40 / 76758920,info@millennium-apotheke.net,http://www.millennium-apotheke.net
easy Apotheke Bramfeld im Kaufland/Notdienstzugang über die Herthastraße,Bramfelder Dorfplatz 18,22179,0 40 / 88165016,bramfeld@easyapotheken.de,
Apotheke im Marktkauf,Seeveplatz 1,21073,0 40 / 76621360,apo.kittel@t-online.de,
Pongs Apotheke,Schweriner Str. 17,22143,0 40 / 6778080,info@pongs-apotheke.de,http://www.pongs-apotheke.de
Apotheke City-Nord,Mexikoring 15 a,22297,0 40 / 6302069,mail@apo-city-nord.de,http://www.apo-city-nord.de
Panorama-Apotheke,Harburger Ring 8-10,21073,0 40 / 7652324,Panorama-Apo.Harburg@gmx.de,
Ginkgo-Apotheke,Schäferkampsallee 56,20357,0 40 / 4900250,Service@Ginkgo-Apotheke-HH.de,
Wald-Apotheke Filiale Barmbek,Rübenkamp 220,22307,0 40 / 6312857-0,filiale.barmbek@waldapotheke.com,
Victoria-Apotheke,Winterhuder Marktplatz 6-7 a,22299,0 40 / 474739,victoria-apotheke-hh@t-online.de,
Feen-Apotheke,Eppendorfer Baum 33,20249,0 40 / 4604606,feen-apotheke@web.de,
Orchideen-Apotheke,Schreyerring 41,22309,0 40 / 6302600,Orchideen.Apotheke.HH@t-online.de,http://www.orchideen-apotheke-hamburg.de
Arcaden-Apotheke OHG,Lüneburger Str. 45,21073,0 40 / 30092121,info@arcaden-apotheke.de,
Dorfplatz-Apotheke,Bramfelder Chaussee 244,22177,0 40 / 6411818,info@dorfplatz-apotheke.de,
Pluspunkt-Apotheke im Phoenix-Center,Hannoversche Straße 86,21079,0 40 / 30088696,dr.callsen@pluspunkt-apotheke.de,
Lilien-Apotheke,Eppendorfer Baum 42,20249,0 40 / 482068,apotheke.lilien@gmail.com,
Falken-Apotheke Hoheluft,Hoheluftchaussee 20,20253,0 40 / 2787475-0,info@falken-apotheke-hoheluft.de,http://www.falken-apotheke-hoheluft.de
City Apotheke Harburg oHG,Lüneburger Str. 34,21073,0 40 / 777030,info@city-apotheke-harburg.de,
Isis-Apotheke,Moorstr. 11,21073,0 40 / 7650333,isis-apotheke@t-online.de,
i plus Apotheke,Eichenlohweg 17,22309,0 40 / 881659-24,info@iplusapo.de,
Sonnen-Apotheke,Mühlentrift 14,32049,05221 27478,sonnenapothekeherford@gmail.com,
Damian Apotheke am Sand,Sand 35,21073,0 40 / 777929,info@damian-apotheke.de,http://www.damian-apotheke.de
Neue Apotheke Eppendorf,Eppendorfer Landstr. 36,20249,0 40 / 478540,neue@apotheke-eppendorf.de,
Vivo Apotheke,Lüneburger Straße 18,21073,0 40 / 76755772,,http://www.vivo-apotheke.de
Apotheke an der Moorstraße,Moorstr. 2,21073,0 40 / 777563,chor326608@aol.com,
Schäfer-Apotheke,Harburger Rathausstr. 37,21073,0 40 / 767930-0,info@schaeferapo.de,http://www.schaeferapo.de
Marktplatz-Apotheke Winterhude,Winterhuder Marktplatz 21a,22299,0 40 / 473939,info@marktplatz-apotheke.com,
Fährhaus-Apotheke,Hudtwalckerstr. 18,22299,0 40 / 476767,info@faehrhaus-apotheke.de,
Fürst Bismarck-Apotheke,Bahnhofstr. 15,21465,040 7226876,info@fuerstbismarckapo.de,
Sachsenwald-Apotheke,Hamburger Str. 2,21465,040 7226057,info@sachsenwald-apo.de,
Michel-Apotheke,Alsterdorfer Str. 6,22299,0 40 / 476005,michel-apotheke@t-online.de,http://www.michel-apotheke.de
Pfeil-Apotheke,Eimsbütteler Chaussee 28,20259,0 40 / 4390025,pfeil-apotheke@web.de,
Oberdörffers Apotheke,Hoheluftchaussee 56,20253,0 40 / 4201323,,
Medio-Apotheke im Ärztehaus,Bremer Str.14,21073,0 40 / 772047,medio-apotheke@t-online.de,
Klosterhof-Apotheke,Eppendorfer Landstr. 61,20249,0 40 / 486880,klosterhof-apotheke@t-online.de,
Aquarius-Apotheke,Eppendorfer Landstr. 84,20249,0 40 / 473420,info@aquarius-apotheke.de,http://www.aquarius-apotheke.de
Goerne-Apotheke,Goernestr. 2,20249,0 40 / 478094,info@goerne-apotheke.de,http://www.goerne-apotheke.de
Nova Apotheke Rahlstedt,"Schweriner Str. 8-12, EKZ",22143,0 40 / 6774094,info@nova-apotheke-rahlstedt.de,http://www.nova-apotheke-rahlstedt.de
"antares-apotheke Struensee-Haus, antares-apotheken oHG",Mörkenstr. 43 - 47,22767,0 40 / 389040-70,scheel@oster-apotheke.de,
Birken-Apotheke,August-Krogmann-Str. 129,22159,0 40 / 6432273,apo@birken-apotheke-farmsen.de,http://www.birken-apotheke-farmsen.de
La Vie Apotheke,Hoheluftchaussee 85,20253,0 40 / 4208615,info@lavieapotheke.de,http://www.la-vie-apotheke.de
Apotheke an der Friedenseiche,Eppendorfer Marktplatz 2,20251,0 40 / 488778,nikolaus.wendel@gmx.de,
Gorch-Fock-Apotheke,Max-Brauer-Allee 151,22765,0 40 / 385844,Info@gorch-fock-apo.de,http://www.gorch-fock-apo.de
Hoheluft-Apotheke,Hoheluftchaussee 66,20253,0 40 / 4221597,,
Hirsch-Apotheke,Möllner Landstr. 3,21465,040 71097273,info@Hirsch-Apotheke-Reinbek.de,
Drive-In-Apotheke,Stapelfelder Straße 84,22143,0 40 / 6774646,ivmobil2@medimpuls.de,http://www.drive-in-apotheke.biz
Manstein-Apotheke,Eppendorfer Weg 180,20253,0 40 / 4226280,Manstein-Apotheke@t-online.de,
Eimsbütteler Apotheke,Osterstr. 16,20259,0 40 / 4922060,info@eimsbuetteler-apotheke.de,
Einhorn-Apotheke,Große Bergstr. 211,22767,0 40 / 385116,info@einhorn-hh.de,http://www.einhorn-hh.de
Neptun-Apotheke OHG,Bramfelder Chaussee 291,22177,0 40 / 6417769,service@neptun-apotheke.de,http://www.neptun-apotheke.de
Buchen-Apotheke,Fuhlsbüttler Str. 599,22337,0 40 / 6303030,buchen.apo@hotmail.de,
Apotheke am Alsenplatz,Alsenstr. 29,22769,0 40 / 8509484,apo-alsenplatz@web.de,
Gesund leben Apotheke Altona,Gr. Bergstr. 231-233,22767,0 40 / 3894000,docmorris-altona@web.de,
Kronen-Apotheke am Holstenbahnhof,Düppelstr. 1,22769,0 40 / 88302377,,
Kompass-Apotheke,Gazertstraße 1,21075,0 40 / 7654499,k.alert-gohla@freenet.de,
easyApotheke Altona,Altonaer Poststraße 15,22767,0 40 / 7029860-0,altona@easyapotheken.de,
Reeseberg-Apotheke im Ärztehaus,Reeseberg 62,21079,0 40 / 7633131,,
Erika Apotheke Bartz,Lokstedter Weg 9,20251,0 40 / 477473,erika-apotheke-bartz@t-online.de,
Eichen Apotheke,Osterstr. 36,20259,0 40 / 40170304,info@eichen-apotheke-hamburg.de,
Hansa-Apotheke,Heimfelder Str. 1,21075,0 40 / 773909,hansa-heimfeld@gmx.de,
Mohren-Apotheke,Tivoliweg 1,21079,0 40 / 7631024,margret.schaefers@t-online.de,http://www.mohren-apotheke-hamburg.de
Osterbek-Apotheke,Bramfelder Chaussee 330,22175,0 40 / 642167-11,info@osterbek-apotheke.de,
Wrangel-Apotheke,Gärtnerstr. 32,20253,0 40 / 4225502,info@wrangelapotheke.de,http://www.wrangelapotheke.de
Rats-Apotheke,Hauptstr. 2,21465,040 7201208,service@rats-apotheke-wentorf.de,
Schiller-Apotheke,Neue Große Bergstraße 7,22767,0 40 / 3806868,schiller-apotheke-hamburg@t-online.de,
City Apotheke Altona,Neue Große Bergstr. 12,22767,0 40 / 386149-01,city-apotheke-altona@hotmail.de,
gesundleben  Apotheke am UKE Haus Ost 10,Martinistraße 52,20251,0 40 / 4130316-0,jahnke.schulz@gesundleben-apotheken.com,
Dr. Grimms Apotheke,Osterstr. 77,20259,0 40 / 405050,service@dr-grimms.de,http://www.dr-grimms-apotheke.de
Elb-Apotheke,Max-Brauer-Allee 52,22765,0 40 / 384050,elbapothekehh@aol.com,
Apotheke im Spectrum am UKE,Martinistraße 64,20251,0 40 / 5132629-0,team.spectrum@gesundleben-apotheken.de,
Sophien-Apotheke,Sandweg 44,20257,0 40 / 857500,,
Apotheke am Alsterdorfer Markt,Alsterdorfer Markt 8,22297,0 40 / 55204880,info@apotheke-am-alsterdorfermarkt.de,
Apotheke im Rewe-Center Altona,Max-Brauer-Allee 59,22765,0 40 / 41307455,,
Neue-Apotheke  im Casinopark,Am Casinopark 14,21465,040 7202360,holger.gassmann@gmx.de,
Greifenberg Apotheke,Greifenberger Str. 57 b,22147,0 40 / 6476690,info@greifenberg-apotheke.de,
Heubergredder Apotheke,Alsterdorfer Str. 284,22297,0 40 / 5119191,service@heubergredder-apotheke.de,http://www.heubergredder-apotheke.de
Apotheke im Bahnhof Altona,Scheel-Plessen-Str. 19,22765,0 40 / 325226-0,info@apo-im-bahnhof-altona.de,http://www.apo-im-bahnhof-altona.de
Hammer Apotheke,Alsterdorfer Str. 299,22297,0 40 / 512075,hammer@apo-net.de,
Pasteur-Apotheke,Alsterdorfer Str. 175,22297,0 40 / 5133266,pasteurApotheke@gmx.de,
Apotheke im Niedersachsenhaus,Heimfelder Str. 42,21075,0 40 / 7905325,pharmacia-niedersachsenhaus@web.de,
Bienen-Apotheke,Alsterdorfer Str. 205,22297,0 40 / 5113626,bienen-apotheke@alice.de,
Bahnhof-Apotheke,Ottenser Hauptstr. 5,22765,0 40 / 398893-0,bahnhof-apotheke-altona@web.de,http://www.bahnhof-apotheke-altona.de
Vita-Apotheke,Heußweg 37,20255,0 40 / 409059,mail@vita-apotheke-hh.de,
Laurin-Apotheke,Osterstr. 133,20255,0 40 / 407678,info@laurin-apotheke.de,
Victoria-Apotheke,Bahrenfelder Str. 69,22765,0 40 / 3900730,simonoetter@biomail.de,
Karlshöher Apotheke,Pezolddamm 141,22175,0 40 / 6404706,info@karlshoeher-apotheke.de,http://www.karlshoeher-apotheke.de
Kaiser-Apotheke,Bahrenfelder Str. 103,22765,0 40 / 391331,kaiser-apotheke@gmx.de,
Elefanten-Apotheke,Ottenser Hauptstr. 35,22765,0 40 / 3900806,elefanten-apo.-altona@t-online.de,
Orion-Apotheke,Osterstr. 151,20255,0 40 / 4914033,orionapotheke@gmx.de,
Stern-Apotheke,Mehringweg 2/ Ecke Eißendorfer Straße,21073,0 40 / 7906189,stern_apotheke@t-online.de,
Berg-Apotheke,Trelder Weg 5,21079,0 40 / 7635191,berg-apotheke-hamburg@t-online.de,
Apostel-Apotheke,Bei der Apostelkirche 20,20257,0 40 / 405611,apostel-apo@hamburg.de,
Hanse-Apotheke,Bahrenfelder Str. 175,22765,0 40 / 393474,info@hanseapotheke-hamburg.de,
Apotheke an der Fabrik,Bahrenfelder Straße 242 - 244,22765,0 40 / 391988-77,apo-fabrik@t-online.de,
Landhaus-Apotheke,Curslacker Deich 171,21039,0 40 / 7231390,,
Bernstein-Apotheke,Hermann-Balk-Str. 112,22147,0 40 / 6449002,,
Roland-Apotheke,Barnerstr. 69/ Ecke Friedensallee,22765,0 40 / 392714,gundi.hoeffgen@t-online.de,
Moltke-Apotheke,Arnoldstr. 76-78,22763,0 40 / 396666,,
Malteser-Apotheke,Eidelstedter Weg 66,20255,0 40 / 4914142,malteser-apotheke@hamburg.de,
Berner Apotheke,Hermann-Balk-Str. 139,22147,0 40 / 6449081,info@berner-apotheke.de,
easyApotheke im Nedderfeld Center,Nedderfeld 70,22529,0 40 / 41406640,nedderfeld@easyapotheken.de,http://www.nedderfeld.easyapotheken.de
median-apotheke oHG,Friedensallee 43,22765,0 40 / 254949-26,,
Hubertus-Apotheke,Borsteler Chaussee 111,22453,0 40 / 515030,hubertapo@aol.com,http://www.hubertus-apotheke-HH.de
Niedersachsen-Apotheke,Kürbsweg 8,21217,040 7686722,info@schaefers-apotheken.de,http://www.schaefers-apotheken.de
Hammonia-Apotheke,Siemersplatz 3,22529,0 40 / 554459-80,info@hammonia-apotheke.de,http://www.hammonia-apotheke.de
Feld-Apotheke Langenbek,Gordonstr. 2,21079,0 40 / 7638008,Feld-Apotheke@t-online.de,
Alaska-Apotheke,Alaskaweg 2,22145,0 40 / 6785253,alaska-apotheke@t-online.de,http://www.alaska-apotheke.de
Kranich-Apotheke,Friedensallee 108,22763,0 40 / 8805976,Kranich-Apo-HH@t-online.de,http://www.kranichapotheke.com
Domino-Apotheke,Vogt-Wells-Str. 14,22529,0 40 / 585332,info@domino-apotheke.de,http://www.versandapo-hamburg-niesen.de
Alster-Apotheke,Ratsmühlendamm 17,22335,0 40 / 501051,alsterapotheke@t-online.de,http://www.alster-apotheke.de
Apotheke Marmstorf,Marmstorfer Weg 139,21077,0 40 / 7603966,mail@apotheke-marmstorf.de,
Förster-Apotheke,Wolffstr. 9/Ecke Försterweg,22525,0 40 / 8504024,info@foerster-apotheke.de,http://www.foerster-apotheke.de
Apotheke Mitten im Leben,Am Saal 16,21217,040 70108642,info@schaefers-apotheken.de,http://www.schaefers-apotheken.de
Grelck-Apotheke,Grelckstr. 2,22529,0 40 / 583301,info@grelck-apotheke.de,
Florian-Apotheke,Privatweg 2,22527,0 40 / 542229,florian-apotheke-hamburg@t-online.de,http://www.florian-apotheke-hamburg.de
ABC-Apotheke,Borsteler Chaussee 177,22453,0 40 / 5532300,berg@abc-apotheke-hamburg.de,http://www.abc-apotheke-hamburg.de
Nordland-Apotheke,Spitzbergenweg 32,22145,0 40 / 6786577,nordland.apo@t-online.de,http://www.nordland-apotheke-hamburg.de
Apotheke am Bahrenpark,Paul-Dessau-Str. 5,22761,0 40 / 88156848,info@bahrenpark-apotheke.de,http://www.bahrenpark-apotheke.de
Kornweg-Apotheke,Stübeheide 153,22337,0 40 / 595866,kornweg-apotheke@online.de,
Spitzweg-Apotheke,Erdkampsweg 31,22335,0 40 / 597885,,
Galenus-Apotheke,Ernst-Bergeest-Weg 55,21077,0 40 / 7603065,galenus@gmx.net,
Apotheke am Bahrenfelder Bahnhof,Friedensallee 261,22763,0 40 / 8802021,apo@koy.de,
Eichen Apotheke Lokstedt beim NDR,Hugh-Greene-Weg 2 - 6,22529,0 40 / 54752112,lokstedt@eichen-apotheke-hamburg.de,http://www.eichen-apotheke-hamburg.de
Gazellen-Apotheke,Grelckstr. 20-26,22529,0 40 / 586573,info@gazellen-apotheke.de,
apo-rot Apotheke,Gasstraße 12,22761,0 40 / 533089100,apotheke@apo-rot.de,
DocMorris Apotheke Lokstedt,Grelckstraße 36,22529,0 40 / 521020-50,lokstedt@apotheke-docmorris.de,
Punkt-Apotheke,Erdkampsweg 52,22335,0 40 / 590800,punkt-apotheke@t-online.de,
Strauß-Apotheke,Bahrenfelder Chaussee 53,22761,0 40 / 892524,info@strauss-apo.de,
Sonnen-Apotheke OHG,Kleekamp 8,22339,0 40 / 592886,sonnenapohh@aol.com,http://www.sonnen-apotheke-hamburg.de
Rolfinck-Apotheke,Rolfinckstr. 14,22391,0 40 / 5365566,info@rolfinck-apotheke.de,http://www.rolfinck-apotheke.de
Lavendel Apotheke,Hainholzweg 67,21077,0 40 / 79144812,info@lavendel-apotheke-hamburg.de,
Dalbek Apotheke Börnsen,Beim Sachsenwald 2,21039,040 18098008,info@dalbek-apotheke.de,
Alte Apotheke Wellingsbüttel,Wellingsbüttler Weg 115,22391,0 40 / 5361372,alteapothekehhwb@t-online.de,
Apotheke Othmarscher Höfe,Jürgen-Töpfer-Straße 18 A-F,22763,0 40 / 85410943,,
Volkspark Apotheke,Kieler Str. 411,22525,0 40 / 545077,info@volksparkapotheke.de,
Apotheke am Teich,Liebermannstr. 54,22605,0 40 / 8803255,apotheke-am-teich@t-online.de,
Metropolitan Pharmacy Apotheke am internationalen Flughafen Hamburg,Flughafenstr. 1-3,22335,0 40 / 50049336,ham@metropolitan-pharmacy.com,
Apotheke am Billenkamp,Große Str. 10,21521,04104 2533,info@apo-billenkamp.de,
Hummelsbütteler Apotheke,Hummelsbütteler Markt 7,22339,0 40 / 5383020,,
Apotheke Aumühle,Hofriedeallee 22,21521,04104 1665,info@apotheke-aumuehle.de,
Wartburg-Apotheke,Flughafenstr. 83,22415,0 40 / 5315951,wartburg-apotheke@gmx.de,
Apotheke Zollenspieker,Süderquerweg 40,21037,0 40 / 7230575,info@apotheke-zollenspieker.de,http://www.apotheke-zollenspieker.de
Fleester Markt-Apotheke,Fleestedter Ring 3,21217,04105 4385,fleester-markt-apotheke@t-online.de,http://www.fleester-markt-apotheke.de
Apotheke am Frahmredder,Frahmredder 8,22393,0 40 / 636444-14,info@apotheke-am-frahmredder.de,http://www.apotheke-am-frahmredder.de
Morgenstern-Apotheke,Steendiek 42,21129,0 40 / 742182-0,info@morgenstern-apotheke.de,http://www.morgenstern-apotheke.de
Reventlow-Apotheke,Reventlowstr. 66,22605,0 40 / 895044,info@reventlow-apotheke.de,
Markt-Apotheke,Schulstr. 44,21220,04105 82061,markt-apotheke@web.de,http://www.markt-apotheke-maschen.de
Meine Niendorfer Apotheke,Tibarg 7 - 9,22459,0 40 / 55403702,filiale@heudorfer.net,
Storchen-Apotheke am Tibarg,Tibarg 32 d,22459,0 40 / 58915654,info@storchen-apotheke-hamburg.de,
Deich-Apotheke,Steendiek 8,21129,0 40 / 742171-0,deich-apotheke@gmx.de,
Waitz-Apotheke,Waitzstr. 3,22607,0 40 / 89963085,waitz-apotheke@t-online.de,http://www.waitz-apotheke.de
Floriani-Apotheke Bahrenfeld,Wichmannstr. 4,22607,0 40 / 822286519,service@floriani-apotheke.de,
Wrobel´s Apotheke am Kritenbarg,Kritenbarg 7,22391,0 40 / 75115007,,
Blumen-Apotheke OHG,Tibarg 44,22459,0 40 / 587918,info@blumen-apotheke-ohg.de,
Heudorfer Apotheke am Tibarg,Tibarg 21,22459,0 40 / 587884,dieapotheke@heudorfer.net,
Heiligen-Geist-Apotheke,Poppenbütteler Weg 194,22399,0 40 / 6024070,Heiligen-Geist-Apotheke@t-online.de,
Saselbek-Apotheke,Saseler Markt 18,22393,0 40 / 6016575,saselbek-apotheke@t-online.de,http://www.saselbek-apotheke.de
Doppeleiche-Apotheke OHG,Waitzstr. 16,22607,0 40 / 8992210,doppeleiche-apotheke@t-online.de,http://www.doppeleiche-apotheke.de
Saseler Markt-Apotheke,Saseler Markt 12 b,22393,0 40 / 6018020,info@saselermarkt-apotheke.de,http://www.saselermarkt-apotheke.de
Apotheke im Tibarg-Center,Tibarg 41,22459,0 40 / 58979600,info@apotheke-im-tibargcenter.de,
Post-Apotheke,Groten Hoff 12,22359,0 40 / 6031277,info@post-apotheke-volksdorf.de,http://www.post-apotheke-volksdorf.de
AEZ-Apotheke Alstertal-EKZ,Heegbarg 3,22391,0 40 / 6087470,wieben@aez-apotheke-24.de.,
Iris-Apotheke,Schulstr. 29-31,21220,04105 82074,iris-apotheke@gmx.de,
Birken-Apotheke,Waitzstr. 32,22607,0 40 / 8907373,,
Apotheke zur alten Schmiede,Im Alten Dorfe 23,22359,0 40 / 86683693,info@apotheke-zur-alten-schmiede.de,
Alte Apotheke Volksdorf,Im Alten Dorfe 38,22359,0 40 / 6034416,alteapothekevolksdorf@t-online.de,http://www.alteapothekevolksdorf.de
Apotheke Tegelsbarg,Tegelsbarg 29,22399,0 40 / 6027333,Apotheke-Tegelsbarg@t-online.de,http://www.apotheke-tegelsbarg.de
Apotheke am Bahnhof Volksdorf,Farmsener Landstr. 189,22359,0 40 / 6034245,info@apotheke-volksdorf.de,http://www.apotheke-volksdorf.de
Beseler Apotheke,Beselerstr. 46,22607,0 40 / 8907500,,
Fortuna Apotheke,Tangstedter Landstr. 40,22415,0 40 / 5328181-0,,
Poppenbütteler Apotheke,Poppenbütteler Weg 177,22399,0 40 / 61139255,popp-apo@t-online.de,
Paracelsus-Apotheke Eidelstedt,Kieler Str. 627,22525,0 40 / 5709770,,
Linden-Apotheke,Krohnstieg 41,22415,0 40 / 5322424,Linden-Apotheke-Hamburg@freenet.de,
Apotheke am Langenhorner Markt,Langenhorner Markt 9/EKZ,22415,0 40 / 532838-90,apotheke-hh@t-online.de,
Rosen-Apotheke,Harburger Str. 25 a,21435,04174 2398,info@apotheke-stelle.de,http://www.apotheke-stelle.de
Linden-Apotheke Kurkowski Vollberg oHG,Harburger Str. 28 a,21435,04174 2335,info@linden-apotheke-stelle.de,
Apotheke im Ärztehaus Langenhorn,Tangstedter Landstr. 79,22415,0 40 / 5206464,andreas.liebner@t-online.de,
gesundleben Apotheke,Harksheider Str. 3,22399,0 40 / 60679420,poppenbuettel@gesundleben-apotheken.com,http://www.gesundleben-apotheken.de/andreas-mangelsen
Markt-Apotheke Poppenbüttel,Poppenbüttler Hauptstr. 1,22399,0 40 / 6023665,Markt-Apotheke-Poppenbuettel@gmx.de,
Regenbogen-Apotheke,Moorhof 7 b,22399,0 40 / 80004577,Regenbogen.Apotheke.HH@t-online.de,http://www.regenbogen-apotheke-hh.de
Ulex-Apotheke,Neßdeich 128 a,21129,0 40 / 7426292,ulexapotheke@gmx.de,http://www.ulexapotheke.de
Neuwiedenthaler Apotheke,Rehrstieg 22,21147,0 40 / 702073-0,,
Striepen-Apotheke,Striepenweg 41,21147,0 40 / 702087-0,info@striepen-apotheke.de,http://www.striepen-Apotheke.de
Moorhof-Apotheke,Poppenbüttler Hauptstr. 11,22399,0 40 / 60679333,service@moorhof-apotheke.de,
Eidelstedter Apotheke,Alte Elbgaustr. 3,22523,0 40 / 5709216,team@eidelstedter-apotheke.de,http://www.eidelstedter-apotheke.de
Markt-Apotheke Eidelstedt,Eidelstedter Platz 18-20,22523,0 40 / 57190140,info@markt-apotheke-eidelstedt.de,http://www.markt-apotheke-eidelstedt.de
Elbgau-Apotheke,Elbgaustr. 24,22523,0 40 / 5709492,elbgau-apotheke@t-online.de,http://www.elbgau-apotheke.de
Kleist-Apotheke,Eidelstedter Platz 10 d,22523,0 40 / 576102,info@kleistapotheke.de,http://www.kleistapotheke.de
Krauses Apotheke am Eidelst. Platz,Ekenknick 5,22523,0 40 / 5705111,info@krauses-apotheke.de,http://www.krauses-apotheke.de
Andersen-Apotheke,Paul-Sorge-Str. 142/EKZ,22455,0 40 / 5522882,,
Gode-Wind-Apotheke,Elbgaustr. 112,22547,0 40 / 842663,info@gode-wind-apotheke.de,http://www.gode-wind-apotheke.de
Nordalbinger Apotheke,Nordalbingerweg 19,22455,0 40 / 55599600,service@nordalbinger-apotheke.de,http://www.nordalbinger-apotheke.de
EEZ-Apotheke,Osdorfer Landstr. 131,22609,0 40 / 800980-0,info@eez-apo.de,http://www.eez-apo.de
Apotheke an der Osdorfer Landstraße,Osdorfer Landstraße 112,22549,0 40 / 829248,apotheke-castrian@t-online.de,http://www.Apotheke-Osdorfer-landstrasse.de
Centro-Apotheke Niendorf NNZ-Einkaufszentrum,Ernst-Mittelbach-Ring 49 - 55,22455,0 40 / 55598550,,
Apotheke am Eckhoffplatz,Eckhoffplatz 1,22547,0 40 / 836286,info@apotheke-am-eckhoffplatz.de,http://www.Apotheke-am-Eckhoffpaltz.de
Apotheke Ärztezentrum Hamburg West,Eckhoffplatz 28,22547,0 40 / 82299810,,
Apotheke im real Lurup,Grandkuhlenweg 11,22549,0 40 / 879743-50,apotheke-im-real-lurup@gmx.de,
Bergstedter Markt-Apotheke,Bergstedter Markt 15,22395,0 40 / 6046463,,
Heide-Apotheke,Stüffeleck 10,22359,0 40 / 6047471,heide-apotheke-hamburg@arcor.de,
Alte Apotheke in Schnelsen,Frohmestr. 47,22457,0 40 / 5508133,alteapothekeinschnelsen@yahoo.de,
apogrün Apotheke in Schnelsen,Wählingsallee 6,22459,0 40 / 257767-0,schnelsen@docmorris-apotheke.de,http://docmorris-apotheke.de/hamburg-schnelsen
Ahorn-Apotheke,Luruper Hauptstr. 176,22547,0 40 / 836629,michaela.osterwald@alice-dsl.de,http://ahorn-apotheke-hamburg.de
Apotheke Hittfeld,Kirchstr. 26,21218,04105 2405,info@apotheke-hittfeld.de,http://www.apotheke-hittfeld.de
Apotheke im Dorf,Nienstedtener Str. 10,22609,0 40 / 826242,apotheke-im-dorf@gmx.de,
Ulen-Apotheke,Groot Enn 3,21149,0 40 / 7018682,ulen-apotheke@T-Online.de,
Mühlen-Apotheke,Neugrabener Bahnhofstr. 33,21149,0 40 / 7015091,muehlen-apotheke-hh@t-online.de,
Apotheke Nienstedten,Nienstedtener Str. 5,22609,0 40 / 826666,info@apotheke-nienstedten.de,
SEZ-Apotheke,Cuxhavener Str. 335,21149,0 40 / 7014021,info@sez-apotheke.de,
Markt Apotheke Neugraben,Marktpassage 7,21149,0 40 / 701006-0,info@markt-apotheke-neugraben.de,http://www.markt-apotheke-neugraben.de
Hanseatic Apotheke,Frohmestr. 16-20,22457,0 40 / 5503304,,
Rathaus Apotheke Hittfeld ,Kirchstraße 3,21218,04105 6678095,info@rathaus-apotheke-hittfeld.de,http://www.rathaus-apotheke-hittfeld.de
Frohme-Apotheke,Frohmestr. 14,22457,0 40 / 5503811,Koch@Frohme-Apotheke.de,http://www.frohme-apotheke.de
Apotheke zur Post,Oldesloer Str. 2,22457,0 40 / 559884-0,info@apo-zur-post.de,http://apo-zur-post.de
Deesmoor-Apotheke OHG,Bornheide 11,22549,0 40 / 8004545,deesmoor-apotheke@t-online.de,
Neue Osdorfer Apotheke,Langelohstr. 158,22549,0 40 / 806636,neue.osdorfer.apotheke@gmail.com,
Schwanen-Apotheke,Rugenbarg 9,22549,0 40 / 80783780,schwanen-apo@t-online.de,
Heidberg-Apotheke,Tangstedter Landstr. 467,22417,0 40 / 30853900,,
Lottbek-Apotheke,Hamburger Str. 97,22949,040 6051050,info@Lottbek-apotheke.de,
Käkenhof-Apotheke,Käkenflur 14 b,22419,0 40 / 5274404,kaekenhofapotheke@gmail.com,
Born-Apotheke,Kroonhorst 9 a,22549,0 40 / 8317971,info@bornapo.de,http://www.bornapo.de
Falken-Apotheke,Falkenring 1,21521,04104 91140,Die_Falken-Apotheke@web.de,
Walddörfer-Apotheke,Ahrensfelder Weg 1,22927,04102 61178,backoffice@walddoerfer-apotheke.de,
Tannenhof-Apotheke,Tannenhof 56,22397,0 40 / 6080188,mail@tannenhof-apotheke.de,
Glashütter Apotheke,Tangstedter Landstr. 555,22851,040 5244681,Glashuetter-Apotheke@t-online.de,
Wehles-Apotheke,Schenefelder Platz 2,22869,040 8308337,wehlesapo@t-online.de,
See-Apotheke,Seestr. 252,25469,04101 41025,see-apo@t-online.de,
Erlen-Apotheke,Moordamm 2,25474,04101 35566,info@apotheke-ellerbek.de,
BUDNI-Partner Apotheke Ochsenzoll,Langenhorner Chaussee 666,22419,0 40 / 53327722,,
West-Apotheke,Wulfsdorfer Weg 93,22926,04102 999634,westapotheke@versanet.de,
Borwich-Apotheke,Roman-Zeller-Platz 10,22457,0 40 / 5597770,horstruether@t-online.de,
Fischbeker Apotheke,Fischbeker Heuweg 2 a,21149,0 40 / 7018483,fischbeker-apotheke@t-online.de,
Spitzweg-Apotheke,Am Kielortplatz 124,22850,040 5293030,Info@spitzweg-apotheke-norderstedt.de,
Eichen Apotheke,Mittelstr. 74,22851,040 5244383,eichen-apotheke-norderstedt@t-online.de,
Tarpenbek-Apotheke,Am Tarpenufer 6,22848,040 5296995,apotheke@tarpenbek.de,
Wir leben-Apotheke im Luhepark ,Löhnfeld 10,21423,04171 605770,luhepark@wirleben.de,http://www.wirleben.de
Markt-Apotheke im Gesundheitszentrum ,Marktstr. 4,21423,04171 3300,kontakt@apotheke-winsen.de,http://www.apotheke-winsen.de
Apotheke im Gesundheitszentrum,Hamburger Str. 23,22926,04102 888972,service@apotheke-GZ-Ahrensburg.de,
Markt-Apotheke im Schanzenhof ,Schanzenring 6,21423,04171 653304,Schanzenap@aol.com,http://www.schanzenhof-apotheke.de
Holsten-Apotheke,Sülldorfer Landstraße 5,22589,0 40 / 873266,,
Scandia-Apotheke,Ochsenzoller Str. 147,22848,040 5231045,info@scandia-apotheke.com,
Adler-Apotheke,Hagener Allee 16,22926,04102 52274,service@adler-apotheke.de,
Norderstedt-Apotheke,Ulzburger Str. 10b,22850,040 5296634,info@norderstedt-apotheke.de,
Flora-Apotheke,Hamburger Str. 11,22926,04102 88530,j.spans@flora-apotheke-ahrensburg.de,
Alte Rats-Apotheke,Rathausstr. 22,21423,04171 2206,eMail@AlteRatsApotheke.de,http://www.AlteRatsApotheke.de
Heine Apotheke Blankenese,Erik-Blumenfeld-Platz 1,22587,0 40 / 866670-0,Info@heine-apo.de,
Herz-Apotheke,Industriestr. 1b,22869,040 8305384,info@herz-apotheke-schenefeld.de,
Rantzau-Apotheke,Manhagener Allee 9,22926,04102 70740,info@rantzau-apo.de,
Apotheke am Rondeel,Rondeel 9,22926,04102 823750,niehaus@multidos.de,
Apotheke an der Godeffroystr.,Blankeneser Bahnhofstr. 31,22587,0 40 / 861829,info@godeffroy-apotheke.de,http://www.godeffroy-apotheke.de
easyApotheke Ahrensburg,Rathausplatz 10,22926,04102 803910,ahrensburg@easyapotheke.de,
Apotheke beim Rathaus,Holstenplatz 6,22869,040 8302461,info@apothekebeimrathaus.de,
Apotheke 21,Friedrich-Ebert-Allee 21,22869,040 87000060,apotheke-21.schenefeld@apotheke-sh.de,
Johannis-Apotheke,Blankeneser Bahnhofstr. 26,22587,0 40 / 860245,info@johannis-apotheke-blankenese.de,
Guten Tag Apotheke,Sülldorfer Kirchenweg 1 a,22587,0 40 / 7070810-60,blankenese@avisina.de,
apo-rot Blankenese Apotheke,Blankeneser Bahnhofstraße 58,22587,0 40 / 5550279-0,blankenese@apo-rot.de,
Accent-Apotheke,Große Str. 30,22926,04102 467580,info@accentapo.de,
Hubertus-Apotheke,Niedersachsenstr. 63,21423,04171 4280,hubertus-apotheke-winsen@t-online.de,
Hubertus-Apotheke,Achternfelde 4,22850,040 5231228,info@hubertusnorderstedt.de,
Luhe-Apotheke,Bahnhofstr. 1,21423,04171 4055,luhe-apo@t-online.de,http://www.luhe-apotheke.de
Eichen Apotheke Iserbrook,Heidrehmen 2,22589,0 40 / 873847,iserbrook@eichen-apotheke-hamburg.de,http://www.eichen-apotheke-hamburg.de
Coppernicus-Apotheke,Berliner Allee 34a,22850,040 5236569,apotheke@coppernicus-apotheke.de,
Apotheke im Herold-Center,Berliner Allee 38,22850,040 5235064,info@apothekeimheroldcenter.de,
Ohlstedter Apotheke,Alte Dorfstr. 16,22397,0 40 / 6050506,ohlstedter-apotheke@hamburg.de,
Sonnen-Apotheke,Bahnhofstr. 34,21423,04171 3611,mail@sonnen-apotheke-winsen.de,http://www.sonnen-apotheke-winsen.de
Immenhof-Apotheke,Poppenbütteler Str. 172,22851,040 5292529,VolkerSkibbe@wtnet.de,
Schloss-Apotheke,Große Str. 2,22926,04102 54111,schloss-apotheke-ahrensburg@t-online.de,
wir leben-Apotheke am Bahnhof,Bahnhofstr. 67,21423,04171 71460,loewen@wirleben.de,http://www.wirleben.de
St. Stephanus-Apotheke,Hauptstr. 33-35,22869,040 8300404,st.stephanus-apotheke@t-online.de,
Apotheke am U-Bahnhof,Eilbergweg 9,22927,04102 69910,apotheke-u-bahnhof@t-online.de,
Altländer Apotheke,Nincoper Straße 156,21129,0 40 / 30389444,neuenfelde@altlaender-apotheke.de,
Bach  Apotheke,Kohfurth 15,22850,040 32593200,bach@wtnet.de,
Apotheke Rugenbergen,Am Markt 2,25474,040 5567546,info@apotheke-rugenbergen.de,
Apotheke an der Stadthalle,Luhdorfer Str. 28,21423,04171 783900,apotheke-an-der-stadthalle@t-online.de,http://apotheke-an-der-stadthalle.de
Steenbarg-Apotheke,Poppenbütteler Chaussee 37,22397,0 40 / 60761616,,
Sonnen-Apotheke,Bergedorfer Str. 58-62,21502,04152 2502,info@sonnenapotheke-geesthacht.de,
VitAlex-Apotheke,Schifferstr. 2,21629,040 70106464,vitalexapotheke@aol.com,http://www.vitalex-apotheke.de
Eidig-Apotheke,Bürgermeister-Glade-Str. 1,21224,04105 65560,info@eidig-apotheke.de,
Apotheke im plaza,Norderstr. 16,21502,04152 886644,apo-im-plaza@t-online.de,
Apotheke in Duvenstedt,Duvenstedter Damm 50,22397,0 40 / 6070855,apo-in-duv@gevis.de,
easy Apotheke Nenndorf ,Bremer Straße 51,21224,04108 5902157,nenndorf@easyapotheken.de,http://www.nenndorf.easyapotheken.de
Elbe-Apotheke,Bergedorfer Str. 29,21502,04152 78484,elbeapotheke@kabelmail.de,
Sonnen-Apotheke Duvenstedt,Duvenstedter Damm 70,22397,0 40 / 67106330,info@sonnen-apo-hamburg.de,http://www.sonnenapo-hamburg.de
Wir leben-Apotheke am Buntenskamp,Buntenskamp 5a,21502,04152 75073,buntenskamp@wirleben.de,
Sülldorfer Apotheke,Sülldorfer Landstr. 206,22589,0 40 / 875211,info@suelldorfer-apotheke.de,
Ärztehaus-Apotheke Neu Wulmstorf,Bahnhofstr. 26,21629,040 700138311,aerztehausapotheke@yahoo.de,http://www.ahapo.de
Baumschulen-Apotheke,Friedrichstr. 1a,25469,04101 41228,baumschulen-apotheke@t-online.de,
Heide-Apotheke,Bahnhofstr. 35 d,21629,040 7001520,postfach@heide-apotheke-nwu.de,http://www.heide-apotheke-nwu.de
Stadt-Apotheke,Rathausstr. 8,21502,04152 2266,stapogee@t-online.de,
Apotheke Am Markt,Marktplatz 1,22844,040 5255125,Apotheke-am-Markt.Norderstedt@apotheke-sh.de,
Eichen-Apotheke,Hauptstr. 36,25469,04101 45204,info@eichen-apotheke-halstenbek.de,
Vitalhus. Die Apotheke,Stormarnstr. 33-41,22844,040 87977881,info@vitalhus.de,
Rathaus-Apotheke,Rathausallee 11a,22846,040 5251240,rathaus-apotheke.norderstedt@apotheke-sh.de,
Oberstadt-Apotheke,Hansastr. 32,21502,04152 1393569,oberstadtapo@web.de,
wir leben-Apotheke in Marschacht,Elbuferstr. 86 a,21436,04176 9487810,marschacht@wirleben.de,http://www.wirleben.de
Moorbek-Apotheke,Rathausallee 35-39,22846,040 5227552,info@moorbek-apotheke.de,
Apotheke Lütjensee,Up de Höh 1,22952,04154 7625,apo.luetjensee@t-online.de,
Brunnen-Apotheke,Hauptstr. 25,25462,04101 207800,a.tekin-hh@hotmail.com,
Post-Apotheke,Hauptstr. 35,25462,04101 200110,post-apotheke.rellingen@apotheke-sh.de,
Markt-Apotheke,Kirchenstr. 6,22946,04154 842905,markt-apotheke-trittau@t-online.de,
Die alte Apotheke,Kirchenstr. 44,22946,04154 841591,steuber@diealteapotheke.com,
Apotheke Waldenau oHG,Waldenauer Marktplatz 9,25421,04101 61044,info@apotheke-waldenau.de,
Post Apotheke,Poststr. 10,22946,04154 2230,email@postapotheketrittau.de,
Rosen-Apotheke,Hauptstr. 82,25462,04101 22833,service@aporell.de,
Sonnen-Apotheke,Mühlenstr. 2 d,21629,04168 911696,sonnen-apotheke-elstorf@t-online.de,http://www.sonnen-apotheke-elstorf.de
Brahms-Apotheke,Diesterwegstr. 33c,25421,04101 65010,info@brahmsapotheke.de,
Alte Apotheke in Rissen,Wedeler Landstr. 23,22559,0 40 / 812203,alte-apotheke-rissen@gmx.de,
Klövensteen-Apotheke,Gudrunstr. 1,22559,0 40 / 814647,kloevensteen.apotheke@t-online.de,http://www.kloevensteen-apotheke.de
Holthof-Apotheke,Wedeler Landstr. 43,22559,0 40 / 818031,teamholthofapotheke@t-online.de,
Schwalben-Apotheke Rissen,Wedeler Landstr. 44,22559,0 40 / 812545,info@schwalben-apotheke.de,http://www.schwalben-apotheke.de
Liliencron-Apotheke,Hauptstr. 115,22889,04109 6162,liliencronapo@web.de,
Erlen-Apotheke,Erlengang 2-10,22844,040 5222698,erlen-apotheke@wtnet.de,
Sonnen-Apotheke,Waldstr. 5,25421,04101 842930,birte.bleek@sonnenapo-pinneberg.de,
Flora-Apotheke,Damm 49,25421,04101 23395,floraapothekepinneberg@web.de,
Apotheke 2. Meile ,Hinterstr. 3,21635,04162 2509351,info@apotheke2meile.de,http://www.apotheke2meile.de
Schulze's Apotheke,Oeltingsallee 35,25421,04101 68833,schulzes-apotheke@web.de,
Ahorn-Apotheke,Hamburger Str. 33,21493,04151 3988,ahorn@apotheke-schwarzenbek.de,
Olympia-Apotheke,Heinr.-Christiansen-Str. 41,25421,04101 54480,olympiaapotheke@t-online.de,
Vita Apotheke,Friedrich-Ebert-Str. 5,25421,04101 5174483,info@vita-pinneberg.de,
Vorgeest-Apotheke,Kreisstr. 27,21445,04173 6860,info@vorgeestapotheke.de,http://www.vorgeestapotheke.de
Kgl. privil. Adler-Apotheke oHG,Dingstätte 22,25421,04101 28048,info@adler-apo-pi.de,
Rathaus-Apotheke,Ritter-Wulf-Platz 4,21493,04151 8333464,orion.apotheke@t-online.de,
Bären-Apotheke,Hamburger Str. 5,21493,04151 2000,baeren@apotheke-schwarzenbek.de,
Stadt-Apotheke,Jersbeker Str. 12,22941,04532 8312,info@stadt-apotheke-bargteheide.de,
Sonnen-Apotheke,Hamburger Str. 15,21244,04181 31743,soapo.buchholz@web.de,http://www.sonnen-apotheke-buchholz.de
Holsten-Apotheke im Famila Wedel,Rissener Str. 105,22880,04103 7019113,info@holstenapotheke-wedel.de,
Stadt Apotheke,Lauenburger Str. 10,21493,04151 3313,stadt@apotheke-schwarzenbek.de,
Rathaus-Apotheke oHG,Rathausstr. 11,22941,04532 3111,apotheke@rathaus-apotheke-bargteheide.de,
Jesteburger Apotheke,Hauptstr. 6,21266,04183 3563,jesteburger-apotheke@t-online.de,http://www.jesteburger-apotheke.de
Stadt-Apotheke,Kirchenstr. 7,21244,04181 31313,schmitz@stadtapotheke-buchholz.de,
Hecht-Apotheke ,Hauptstraße 47,21266,04183 7979741,apotheke@hecht-apo.de,http://www.hecht-apo.de
Goethe-Apotheke,Harksheider Weg 99,25451,04106 650600,goethe-apotheke@schablowsky.de,
Adler-Apotheke,Rathausstr. 33,22941,04532 1719,info@adler-apotheke-bargteheide.de,
Apotheke am Böckler Platz,Goethestr. 77,22880,04103 3257,info@apotheke-am-boeckler-platz.de,
Galerie Apotheke oHG ,Breite Str. 16,21244,04181 9988111,info@galerie-apo.de,http://www.galerie-apo.de
Staggenborg Apotheke im Rewe Center ,Konrad-Adenauer-Allee 3,21614,04161 500380,paul.mueller@staggenborg.com,
apo-rot Linden Apotheke,Lindenstr. 12,21244,04181 97229,info@linden-apotheke-buchholz.de,http://www.linden-apotheke-buchholz.de
Buchholzer Hof Apotheke,Breite Str. 11 A,21244,04181 35657,info@apob.de,http://apob.de
Heide-Apotheke,Poststr. 18,21244,04181 7807,heideapotheke.buchholz@web.de,
Adler-Apotheke,Rissener Str. 24,22880,04103 3563,adler.apotheke.wedel@t-online.de,
Löns-Apotheke,Neue Str. 9,21244,04181 6400,schmitz@apothekeseepassage.de,http://www.loens.de
wir leben-Apotheke in Tespe,Lüneburger Str. 111,21395,04176 9484040,tespe@wirleben.de,http://www.wirleben.de
Bahnhof-Apotheke,Bahnhofstr. 98,25451,04106 2666,petra.lincke@t-online.de,
Barlach-Apotheke,Bahnhofstr. 38-40,22880,04103 87556,info@barlachapo.de,
Pascal Apotheke,Pascalstr. 9,25451,04106 125036,info@pascalapotheke.de,
Pluspunkt Apotheke in den Welau Arcaden,Bahnhofstr. 31,22880,04103 7016768,wedel@pluspunkt-apotheke.de,
PHARMAZEUTIX Apotheke auf dem Rhen,Wilstedter Str. 45,24558,04193 7376,rhenapo@pharmazeutix.de,
Rosen-Apotheke,Rosengarten 5-9,22880,04103 122250,info@rosen-apotheke-wedel.de,
Pinnau-Apotheke,Kieler Str. 96,25451,04106 2277,info@pinnau-apotheke.de,
Glocken-Apotheke,Bahnhofstr. 23,22880,04103 2827,info@glocken-apotheke-wedel.de,
Eulen-Apotheke,Am Freibad 4a,25451,04106 68822,eulen-apotheke-quickborn@gmx.de,
Rathaus-Apotheke,Bahnhofstr. 9,22880,04103 3351,info@apodumke.de,
Brücken Apotheke ,Zwischen den Brücken 7,21614,04161 512661,info@bruecken-apotheke-buxtehude.de,http://www.apobuxte.de
Apotheke im Marktkauf,Peiner Hag 1,25497,04101 376877,service@apotheke-prisdorf.de,
City-Apotheke,Bahnhofstr. 20,21614,04161 4677,city.apobux@web.de,http://www-city-apotheke-buxtehude.de
Gorch-Fock-Apotheke,Bahnhofstr. 19,21614,04161 512611,info@gofoapo.de,http://www.gofoapo.de
Apotheke am Ziegenweg,Ziegenweg 4,25451,04106 626233,info@apotheke-am-ziegenweg.de,
Roland Apotheke,Rolandstr. 6,22880,04103 3683,mail@rolandapotheke-wedel.de,
Apotheke im Marktkauf,Bahnhofstr. 47,21614,04161 559581,snedker@apotheke-buxtehude.de,http://www.apotheke-buxtehude.de
Has und Igel Apotheke ,Bahnhofstr. 46,21614,04161 54516,info@has-und-igel-apotheke.de,
Altländer Apotheke Jork,Am Gräfengericht 9,21635,04162 8787,info@altlaender-apotheke.de,http://www.altlaender-apotheke.de
Kloster-Apotheke,Stader Str. 17,21614,04161 82881,kontakt@kloster-apotheke-buxtehude.de,http://www.kloster-apotheke-buxtehude.de
Gräfen Apotheke,Westerjork 31,21635,04162 349,graefen.apotheke@ewetel.net,http://www.graefenapotheke.de
Holsten-Apotheke,Hauptstr. 59a,25482,04101 27070,holsten-apotheke-appen@t-online.de,
Alster-Apotheke,Mittelweg 7,23863,04532 5555,twbo@gmx.de,
Apotheke zur Erle,Berliner Damm 15,25479,04106 641000,info@apoerle.de,
Apotheke an der Krumbek,Königsberger Str. 2,25479,04106 72626,krumbekapo@gmail.com,
Süd-Apotheke,Dammstücken 43,24558,04193 754900,sued-apotheke-saedi@web.de,
Apotheke am Elbe Klinikum,Am Krankenhaus 1,21614,04161 800885,Apotheke-am-Elbe-Klinikum@gmx.de,http://www.apotheke-am-elbe-klinikum.de
PHARMAZEUTIX Apotheke in Ulzburg-Süd,Hamburger Str. 92,24558,04193 904843,s.grau@pharmazeutix.de,
Süd-Apotheke,Torfweg 8,21614,04161 85144,Sued-apo-buxtehude@arcor.de,
Auetal-Apotheke,Winsener Str. 4,21271,04184 7799,auetal.apotheke@t-online.de,http://www.auetal-apotheke.de
Heidjer-Apotheke,Bei der Kirche 30,21271,04184 89310,info@heidjer-apotheke.de,http://www.heidjer-apotheke.de
Apotheke an der alten Schmiede,Hetlinger Str. 1,25488,04103 87575,Apotheke.Holm@t-online.de,
Mühlen-Apotheke,Niedersachsenweg 2,21244,04187 31470,team@muehlen-apotheke-deisting.de,http://www.muehlen-apotheke-deisting.de
Sprötzer Apotheke,Niedersachsenstr. 8,21244,04186 889555,gesund@sproetzer-apotheke.de,http://www.sproetzer-apotheke.de
Alster-Apotheke,Neuer Weg 24,24558,04193 2030,alster-apotheke@gmx.de,
Neue Apotheke,Alte Dorfstr. 10,21279,04165 81842,neue_apotheke@t-online.de,http://www.apotheke-hollenstedt.de
Lang's Hoff Apotheke,Hauptstr. 4,21279,04165 80576,apotheke@langshoff.de,
Rosen-Apotheke,Segeberger Str. 23,23866,04535 8660,rosenapo@web.de,
Elch-Apotheke,Beckersbergstr. 2,24558,04193 4018,info@elch-apo.com,
PHARMAZEUTIX Apotheke am Bahnhof Ulzburg,Hamburger Str. 6,24558,04193 1299,apoulzburgcenter@pharmazeutix.de,
Engel Apotheke,Cuxhavener Str. 163,21614,04163 8264888,engel@apobux.de,http://www.engel-apotheke-buxtehude.de
Linden-Apotheke,Lindenweg 2,25436,04122 5767,Linden-Apotheke-Tornesch@t-online.de,
Adler-Apotheke,Esinger Str. 3,25436,04122 52394,Adler-Apotheke.Tornesch@apotheke-sh.de,
Fasanen-Apotheke,Wilhelmstr. 2c,25436,04122 52506,fasanenapotheke@web.de,
Löwen-Apotheke,Pieperstr. 12 A,21357,04131 92310,info@loewenapothekebardowick.de,http://www.loewenapothekebardowick.de
Elbmarsch-Apotheke,Lehmweg 51,25492,04122 82050,mail@elbmarschapotheke.de,
Ilmenau-Apotheke,Hinter der Worth 1 A,21357,04131 121214,ilmenau-apotheke-bardowick@gmx.de,http://www.ilmenau-apotheke.de
Adler-Apotheke,Rosenweg 1,23898,04536 8380,apo-sandesneben@gmx.de,
Lerchen-Apotheke,Lüneburger Str. 10,21360,04131 12433,lerchenapotheke@t-online.de,http://www.lerchen-apo.de
Apotheke Sülfeld,Am Markt 11,23867,04537 709000,apotheke@suelfeld.de,
easyApotheke,Gutenbergstr. 4,24558,04193 9651711,henstedt-ulzburg@easyapotheken.de,
Widder Apotheke-Moorrege,Wedeler Chaussee 43a,25436,04122 9996300,widder-apotheke-moorrege@t-online.de,
Hirsch-Apotheke,Bürgerei 3,21720,04142 2022,hirscholeland@gmx.de,
Kisdorf-Apotheke,Dorfstr. 20,24629,04193 4343,info@kisdorf-apotheke.de,
Leuchtturm-Apotheke,Kirchenstieg 2 A,21720,04142 2600,info@leuchtturm-apotheke.de,http://www.leuchtturm-apotheke.de
Geestland Apotheke Apensen ,Buxtehuder Str. 12,21641,04167 6906611,geestland-apotheke@t-online.de,
Haide-Apotheke,Bahnhofstr. 3,21376,04172 987300,haideapotheke@t-online.de,http://www.haideapotheke.de
Delm-Apotheke,Buxtehuder Str. 3,21641,04167 1633,delm.apotheke@ewetel.net,http://www.delm-apotheke.de
Dörps-Apotheke,Enge Str. 1,21376,04172 6620,haideapotheke@t-online.de,
Sonnen-Apotheke,Schanzenstr. 2,25436,04122 41647,,
Pluspunkt Apotheke Uetersen,Großer Sand 12,25436,04122 9278270,uetersen@pluspunkt-apotheke.de,
Rathaus-Apotheke,Grosser Sand 1,25436,04122 3042,info@rathausapotheke-uetersen.de,
Priv. Löwen-Apotheke,Gr. Wulfhagen 50,25436,04122 2271,info@loewen-gesundheit.com,
Engel-Apotheke,Rathausstr. 6,25436,04122 2828,info@engel-uetersen.de,
Falken-Apotheke,Im Kleinen Sande 5,21640,04163 81570,falken-horneburg@t-online.de,http://www.falken-horneburg.de
Reuter-Apotheke,Reuterstr. 32a,25436,04122 42398,Reuter-Apotheke-Uetersen@t-online.de,
Nautilus-Apotheke,Am Schüsselteich 11,21481,04153 58990,info@nautilusapo.net,
Rats-Apotheke,Im Großen Sande 3,21640,04163 2242,hallo@rats-apotheke.info,http://www.rats-apotheke.info
Stadt-Apotheke,Hamburger Str. 28,21481,04153 52121,stadt.apo@t-online.de,
Center-Apotheke,Möllner Str. 35,21514,04155 808790,center-apotheke.buechen@apotheke-sh.de,
Rufer Apotheke,Alte Wache 12,21481,04153 869940,info@ruferapo.net,
Reuter-Apotheke,Zwischen den Brücken 1,21514,04155 2121,Reuter-Buechen@t-online.de,
Landwehr-Apotheke,Lüneburger Landstr. 6,21391,04131 64450,info@landwehr-apotheke-reppenstedt.de,http://www.landwehr-apotheke-reppenstedt.de
Wir leben-Apotheke in Hohnstorf,Am Sportzentrum 4,21522,04139 7999444,hohnstorf@wirleben.de,http://www.wirleben.de
Apotheke Reppenstedt,Lüneburger Landstr. 3,21391,04131 61565,katrin-kiss@t-online.de,http://www.apotheke-reppenstedt.de
Eichen-Apotheke,Lüneburger Str. 7,21394,04135 820731,kboubaris@web.de,
Birken-Apotheke,Kirchstr. 6a,23896,04543 7171,info@birken-apotheke-nusse.de,
Medio Apotheke im Famila,Kisdorfer Weg 11,24568,04191 507110,medioapotheke@hotmail.de,
Apotheke am Kirchweg,Kirchweg 46,21365,04131 400440,info@apotheke-am-kirchweg.de,http://www.Apotheke-am-Kirchweg.de
Apotheke am Rathaus,Böttcherstr. 2,21365,04131 187033,apothekeamrathaus-adendorf@t-online.de,
Apotheke im Marktkauf,Ramskamp 102,25337,04121 5797172,apotheker@staggenborg.com,
Apotheke am Kreideberg,Thorner Str. 27/29,21339,04131 31483,apothekeamkreideberg@web.de,
Wir leben-Apotheke am Moldenweg,Moldenweg 18,21339,04131 2633600,ammoldenweg@wirleben.de,http://www.wirleben.de
Flottkamp-Apotheke,Flottkamp 124,24568,04191 1448,info@flottkamp-apotheke.de,
Sonnen-Apotheke,Am Buschteich 23 a,21739,04163 3666,info@gesundreit.de,http://www.gesundreit.de
Apotheke im Mediohaus,Brauerstr. 1-3,24568,04191 93200,service@mediohaus.de,
Hirsch-Apotheke,Am Markt 3,24568,04191 2191,u-d.oberkrueger@t-online.de,
Linden Apotheke,Holstenstr. 2,24568,04191 935930,Lindenapotheke@outlook.com,
Holsten-Apotheke,Hamburger Str. 27,23843,04531 2098,Holsten-Apotheke.Bad-Oldesloe@apotheke-sh.de,
Löwen-Apotheke,Bardowicker Str. 19,21335,04131 31365,mail@loewen-apotheke-lueneburg.de,http://www.loewen-apotheke-lueneburg.de
Linden-Apotheke,Alte Dorfstr. 1 a,21272,04175 1060,info@linden-apotheke-seipold.de,http://www.linden-apotheke-seipold.de
Privilegierte Apotheke,Reichenstr. 2,25355,04123 2605,k-krane@privilegierte-apotheke.de,
Rantzau-Apotheke,Küsterkamp 1,25355,04123 2091,info@rantzau-apotheke.de,
Spitzweg-Apotheke,Schützenstr. 4,23843,04531 2883,info@spitzweg-apotheke-oldesloe.de,
Stormarn Apotheke,Mommsenstr. 12,23843,04531 679251,info@stormarn-apotheke.de,
Die alte Raths-Apotheke,Gr. Bäckerstr. 9,21335,04131 42349,info@alterathsapotheke.de,http://www.alterathsapotheke.de
Apotheke am Markt,Markt 3,23843,04531 6055,Markt-Apotheke.Bad-Oldesloe@apotheke-sh.de,
Victoria-Apotheke,Kastanienallee 4,21255,04182 1232,info@victoria-apotheke-tostedt.de,http://www.victoria-apotheke-tostedt.de
Apotheke am Kran,Lünertorstr. 5,21335,04131 35933,dorothea.wendt.hl@t-online.de,
Wasserknecht-Apotheke,Wulf-Werum-Str. 2,21337,04131 7899266,wasserknecht-apotheke@kabelmail.de,
Grapengießer-Apotheke,Grapengießerstr. 48,21335,04131 49594,uffmann@grapengiesser-apotheke.de,http://www.grapengiesser-apotheke.de
Trave Apotheke,Mühlenstr. 18,23843,04531 5556,info@trave-apotheke.de,
Wir leben-Apotheke Am Sande,Am Sande 32,21335,04131 2244980,amsande@wirleben.de,http://www.wirleben.de
Helms Apotheke Am Sande,Am Sande 16,21335,04131 73790,helmsapothekeamsande@gmx.de,
Töste-Apotheke,Bahnhofstr. 8,21255,04182 3566,info@toeste-apotheke.de,http://www.toeste-apotheke.de
Brunnen-Apotheke,Bahnhofstr. 27,21255,04182 28310,mail@brunnenapotheke-tostedt.de,http://www.brunnenapotheke-tostedt.de
Schmids Apotheke,Rote Straße 13-14,21335,04131 42327,schmidsapotheke@t-online.de,
Apotheke Scharnebeck ,Marktplatz 2,21379,04136 9130440,info@apotheke-scharnebeck.de,http://www.apotheke-scharnebeck.de
Kosmos-Apotheke,Haagestr. 3 A,21335,04131 401340,kosmos.apotheke.lueneburg@freenet.de,
Ahorn-Apotheke,Unter den Linden 26 a,21255,04182 404460,mail@ahornapotheke-tostedt.de,http://www.ahornapotheke-tostedt.de
Wir leben-Apotheke Am Kurzentrum ,Soltauer Str. 6 A,21335,04131 73740,amkurzentrum@wirleben.de,http://www.wirleben.de
Hanse-Apotheke ,Bleckeder Landstraße 37,21337,04131 776855,hanse-apotheke@web.de,
Aesculap-Apotheke,Hermann-Ehlers-Weg 4,25337,04121 475920,abromeit@aescuvit.de,
Hirsch-Apotheke,Feldstr. 21,21335,04131 41640,mph62@gmx.de,
wir leben-Apotheke Feldstraße,Feldstr. 2 a,21335,04131 7899070,feldstrasselg@wirleben.de,http://www.wirleben.de
Reiter-Apotheke am Hogenkamp,Ansgarstr. 31,25336,04121 8986890,reiter-apotheke-am-hogenkamp@apotheke-sh.de,
Reiter-Apotheke im Pferdeviertel,Eichstr. 34,25336,04121 62696,reiter-apotheke-elmshorn@apotheke-sh.de,
wir leben-Apotheke Garberscenter,Häcklinger Weg 66,21335,04131 6848790,garberscenterLG@wirleben.de,http://www.wirleben.de
Krückau-Apotheke,Mühlendamm 12,25335,04121 84818,krueckau-apotheke@hotmail.de,
Stegen-Apotheke,Vormstegen 31,25336,04121 63991,info@stegen-apotheke.de,
Elch Apotheke ,St. Stephanus Passage 29,21337,04131 86130,elchapo@web.de,
PRIVAPO Elmshorn OHG Privilegierte Apotheke Elmshorn,Königstr. 12,25335,04121 21312,info@privapo.de,
Sonnen-Apotheke,Königstr. 32,25335,04121 3354,info@sonnenapotheke-elmshorn.de,
Markt-Apotheke im CCE,Wedenkamp 22b,25335,04121 22241,info@marktapotheke-elmshorn.de,
Flora-Apotheke,Schulstr. 25-27,25335,04121 42620,s.kehrhahn@flora-elmshorn.de,
Apotheke am Bockelsberg,Universitätsallee 15,21335,04131 44688,felix.eggert@t-online.de,http://www.apo-bockelsberg.de
PRIVAPO Elmshorn OHG Privilegierte Apotheke Am Wedenkamp,Wedenkamp 9b,25335,04121 2913091,info@privapo.de,
Apotheke im EDEKA,Koppeldamm 27b,25335,04121 5780253,apotheker.koppeldamm@staggenborg.com,
Auetal-Apotheke,Buxtehuder Str. 29,21698,04164 859494,mberl@mac.com,http://www.docberl.de
Linden-Apotheke,Hamburger Str. 29,23816,04552 775,04552775@t-online.de,
Alte Apotheke,Herrenstr. 1,21698,04164 3076,Alte_apotheke_harsefeld@t-online.de,http://www.alte-apotheke-harsefeld.de
Post-Apotheke,Mittelstr. 4,21698,04164 4261,post-apotheke@arcor.de,
Till-Apotheke,Wasserkrügerweg 127a,23879,04542 83156,till@apotheke-moelln.com,
Hubertus-Apotheke,Hauptstr. 54,23879,04542 2859,apotheke.moelln@t-online.de,
Stadt-Apotheke,Am Bauhof 2,23879,04542 3948,stadt@apotheke-moelln.com,
Einhorn-Apotheke,Hauptstr. 98,23879,04542 2490,einhorn-apotheke-moelln@t-online.de,
Delphin-Apotheke,Große Schmiedestr. 4,21682,04141 777430,s.hovest@delphin-apotheke-stade.de,http://www.delphin-apotheke-stade.de
Pluspunkt Apotheke Stade,Holzstr. 14,21682,04141 7889135,stade@pluspunkt-apotheke.de,http://www.pluspunkt-apotheke-stade.de
Einhorn-Apotheke ,Stadtweg 117,21680,04141 2130,rats-einhorn-stade@t-online.de,http://www.apotheke-stade.de
Löwen-Apotheke,Hökerstr. 37,21682,04141 44048,loewen-apotheke-stade@t-online.de,http://www.loewen-apotheke-stade-app.de
Apotheke im Kaufland ,Freiburger Str. 2,21682,04141 407100,paul.mueller@staggenborg.com,
Apotheke im Medeum,Harsefelder Str. 6,21680,04141 92940,apotheke@medeum.de,http://www.medeum.de
Fontane-Apotheke,Stockhausstr. 1 a,21682,04141 2525,info@fontane-apotheke-stade.de,http://www.fontane-apotheke-stade.de
Die Landapotheke,Dorfstr. 21a,24628,04195 9919979,info@dielandapotheke.com,
Bären-Apotheke ,Dorfstr. 28,21407,04131 791155,info@baeren-apotheke-deutsch-evern.de,
Stern-Apotheke,Thuner Str. 80,21680,04141 62519,Stern-Apotheke.Stade@t-online.de,
Privilegierte Apotheke,Klosterstr. 5,23858,04533 2622,privilegierte-apotheke.reinfeld@apotheke-sh.de,
Claudius Apotheke,Barnitzer Str. 1-7,23858,04533 7889800,info@claudius-apotheke-reinfeld.de,
Apotheke am Hohenwedel,Hohenwedeler Weg 1,21682,04141 81155,info@apotheken-lepenies.de,
Fasan-Apotheke,Obstmarschenweg 297,21683,04146 5551,kontakt@apothekebuetzfleth.de,
Linden-Apotheke,Lüneburger Str. 10,21397,04137 808006,info@linden-apotheke-barendorf.de,http://www.linden-apotheke-barendorf.de
Neue Apotheke,P.-von-Schoenaich-Str. 25,23858,04533 1630,neue-apotheke-reinfeld@freenet.de,
Berkenthiner Apotheke,Oldesloer Straße 1,23919,04544 891024,berkenthinerapotheke@t-online.de,
Einhorn-Apotheke,Raiffeisenpassage 22,23858,04533 791513,apotheke.einhorn@t-online.de,
Apotheke am Bach ,Uelzener Str. 15,21406,04134 8244,info@apoambach.de,http://www.apoambach.de
Kranz-Apotheke,Bremervörder Str. 128,21682,04141 81888,kranz-apotheke@t-online.de,http://www.apotheken.de/club/21682/kranz-apotheke/
Elbmarschen-Apotheke,Horster Viereck 1,25358,04126 393101,elbmarschen-apotheke.horst@apotheke-sh.de,
Apotheke Amelinghausen,Lüneburger Str. 24,21385,04132 223,apo-amelinghausen@gmx.de,http://www.apotheke-amelinghausen.de
Boize-Apotheke,Reichenstraße 12/13,19258,038847/52470,,
Nord-Apotheke,Dr. Alexander Str. 78,19258,038847/50412,,
Apotheke Ahlerstedt,Stader Str. 7,21702,04166 1222,info@apotheke-ahlerstedt.de,http://www.apotheke-ahlerstedt.de
Schwinge-Apotheke,Alte Dorfstr. 21,21684,04141 88801,apotheke@schwinge-apotheke.de,http://www.schwinge-apotheke.de
Georgs-Apotheke Neetze,Am Dorfplatz 1,21398,05850 1258,apotheke@apotheke-neetze.de,http://www.land-apotheken-app.de
Pinguin-Apotheke im Marktkauf,Drosselstieg 77,21682,04141 981631,info@pingu-apo.de,
Raphael-Apotheke,Bahnhofstr. 53,25364,04127 376,Jens.Bielenberg@t-online.de,
Mühlen-Apotheke,Hauptstr. 12,21717,04149 8586,info@apotheke-fredenbeck.de,
Apotheke am Bleeck,Bleeck 25,24576,04192 3988,apo.bleeck@t-online.de,
Geestland-Apotheke,Bahnhofstr. 10,21717,04149 8888,info@apotheken-lepenies.de,
Apotheke am Bahnhof,Bahnhofstraße 30,19258,038847/8016,,
Wandels Apotheke EKZ Krummesse,Beidendorfer Weg 30,23628,04508 777000,wandels-apotheke-ekz.krummesse@apotheke-sh.de,
Sude-Apotheke,Bahnhofstr. 12 a,19258,,,
Elbetal Apotheken OHG,Bahnhofstr. 12a,19258,,,
Neue Apotheke am Kirchenbleeck,Maienbeeck 3,24576,04192 3001,neue.apotheke.am.kirchenbleeck@t-online.de,
Landweg-Apotheke,Landweg 31,24576,04192 3021,info@landweg-apotheke.de,
Kgl. Priv. Roland-Apotheke,Maienbeeck 6,24576,04192 1456,Roland-Apotheke.BadBramstedt@t-online.de,
Greif-Apotheke,Stader Str. 3,27419,04282 95270,info@apotheke-sittensen.de,
Apotheke St. Georg,Bahnhofsallee 37,23909,04541 891671,apotheke-st.georg-ratzeburg@t-online.de,
Börde-Apotheke,Bahnhofstr. 23,27419,04282 1295,boerde-apotheke@t-online.de,
Südstadt-Apotheke,Theodor-Storm-Str. 15c,23795,04551 4929,suedstadt_apotheke@t-online.de,
Kalkberg-Apotheke,Oldesloer Str. 11,23795,04551 2880,kalkberg-apotheke@freenet.de,
Finteler Apotheke,Am Markt 1,27389,04265 94050,info@finteler-apotheke.de,
Alte Apotheke,Kirchstr. 31,23795,04551 3500,buckenberger@segeberg-apotheke.de,
Löwen-Apotheke,Kurhausstr. 7,23795,04551 3717,loewenapotheke.segeberg@t-online.de,
Stadt-Apotheke,Waldstr. 21a,23812,04554 6562,stadt-apotheke.wahlstedt@apotheke-sh.de,
Wald-Apotheke,Waldstr. 13-15,23812,04554 7060,apotheke@waldapotheke.com,
Engel-Apotheke,Kurhausstr. 60-62,23795,04551 84759,info@engelapotheke-se.de,
Markt-Apotheke,Rathausstr. 1,23909,04541 4217,markt-apotheke.ratzeburg@apotheke-sh.de,
Dom-Apotheke,Domstr. 5,23909,04541 3315,Info@Dom-Apotheke-Ratzeburg.de,
Alte Apotheke,Schloßstr. 1,21354,05852 97960,alte@apotheke-bleckede.de,http://www.apotheke-bleckede.de
Löns-Apotheke,Hauptstr. 5,29646,05194 6811,loensapo.bispingen@t-online.de,
Neue Apotheke,Breite Str. 2,21354,05852 1274,neue@apotheke-bleckede.de,http://www.apotheke-bleckede.de
Heide-Apotheke,Schulstr. 2,29640,05193 1243,info@die-heideapotheke.de,http://www.die-heideapotheke.de
Eichberg-Apotheke,Am Eichberg 3,23795,04551 908500,Eichbergapotheke@web.de,
Vorstadt-Apotheke,Schweriner Str. 51,23909,04541 898851,gesundheit@vorstadt-apotheke.de,
Stadt-Apotheke,Verdener Str. 13,29640,05193 2121,woeim@t-online.de,
Georgs Apotheke,Bahnhofstr. 18,29553,05823 1232,pilo@pilo-franke.de,http://www.land-apotheken-app.de
Bahnhof-Apotheke,Bahnhofstr. 35,29640,05193 52453,martin.ziehmann@t-online.de,
Paracelsus Apotheke Gesundheitszentrum,Oberbüssauer Weg 6,23560,0451 30503770,c.tietz@ratdr.de,
